5,0,0,0,0,9900,0.305,,,,,,,,,,,,,,,,,
8,0,0,0,0,0,PAYLOAD IS !ARMED!,,,,,,,,,,,,,,,,,
2,0,0,0,0,9900,52.91,859.822,9.093,4233.933,,,,,,,,,,,,,,
8,0,0,0,0,0,PAYLOAD IS !ARMED!,,,,,,,,,,,,,,,,,
2,0,0,0,0,9901,52.91,859.797,9.093,4235.181,,,,,,,,,,,,,,
8,0,0,0,0,0,PAYLOAD IS !ARMED!,,,,,,,,,,,,,,,,,
2,0,0,0,0,9902,52.91,859.79,9.104,4235.575,,,,,,,,,,,,,,
8,0,0,0,0,0,PAYLOAD IS !ARMED!,,,,,,,,,,,,,,,,,
2,0,0,0,0,9902,52.91,859.83,9.093,4233.225,,,,,,,,,,,,,,
8,0,0,0,0,9902,19:0:41,32.9428329468,-106.9150619507,1394.4000244141,,,,,,,,,,,,,,
8,0,0,0,0,0,PAYLOAD IS !ARMED!,,,,,,,,,,,,,,,,,
2,0,0,0,0,9903,52.91,859.797,9.104,4235.181,,,,,,,,,,,,,,
8,0,0,0,0,0,PAYLOAD IS !ARMED!,,,,,,,,,,,,,,,,,
2,0,0,0,0,9904,52.91,859.797,9.104,4235.181,,,,,,,,,,,,,,
8,0,0,0,0,0,PAYLOAD IS !ARMED!,,,,,,,,,,,,,,,,,
5,0,0,0,0,9904,0.914,,,,,,,,,,,,,,,,,
8,0,0,0,0,0,PAYLOAD IS !ARMED!,,,,,,,,,,,,,,,,,
2,0,0,0,0,9905,52.91,859.75,9.093,4237.931,,,,,,,,,,,,,,
8,0,0,0,0,0,PAYLOAD IS !ARMED!,,,,,,,,,,,,,,,,,
5,0,0,0,0,9905,0.305,,,,,,,,,,,,,,,,,
8,0,0,0,0,0,PAYLOAD IS !ARMED!,,,,,,,,,,,,,,,,,
5,0,0,0,0,9906,0.61,,,,,,,,,,,,,,,,,
8,0,0,0,0,0,PAYLOAD IS !ARMED!,,,,,,,,,,,,,,,,,
2,0,0,0,0,9907,52.92,859.844,9.104,4232.419,,,,,,,,,,,,,,
8,0,0,0,0,0,PAYLOAD IS !ARMED!,,,,,,,,,,,,,,,,,
5,0,0,0,0,9907,0.61,,,,,,,,,,,,,,,,,
8,0,0,0,0,0,PAYLOAD IS !ARMED!,,,,,,,,,,,,,,,,,
8,0,0,0,0,9908,19:0:41,32.9428329468,-106.9150619507,1394.4000244141,,,,,,,,,,,,,,
8,0,0,0,0,0,PAYLOAD IS !ARMED!,,,,,,,,,,,,,,,,,
5,0,0,0,0,9908,1.219,,,,,,,,,,,,,,,,,
8,0,0,0,0,0,PAYLOAD IS !ARMED!,,,,,,,,,,,,,,,,,
5,0,0,0,0,9909,0.305,,,,,,,,,,,,,,,,,
8,0,0,0,0,0,PAYLOAD IS !ARMED!,,,,,,,,,,,,,,,,,
5,0,0,0,0,9910,0.914,,,,,,,,,,,,,,,,,
8,0,0,0,0,0,PAYLOAD IS !ARMED!,,,,,,,,,,,,,,,,,
5,0,0,0,0,9910,0.914,,,,,,,,,,,,,,,,,
8,0,0,0,0,0,PAYLOAD IS !ARMED!,,,,,,,,,,,,,,,,,
2,0,0,0,0,9911,52.92,859.8,9.114,4234.98,,,,,,,,,,,,,,
8,0,0,0,0,0,PAYLOAD IS !ARMED!,,,,,,,,,,,,,,,,,
2,0,0,0,0,9911,52.92,859.804,9.104,4234.777,,,,,,,,,,,,,,
8,0,0,0,0,0,PAYLOAD IS !ARMED!,,,,,,,,,,,,,,,,,
2,0,0,0,0,9912,52.91,859.768,9.104,4236.88,,,,,,,,,,,,,,
8,0,0,0,0,9912,19:0:41,32.9428329468,-106.9150619507,1394.4000244141,,,,,,,,,,,,,,
8,0,0,0,0,0,PAYLOAD IS !ARMED!,,,,,,,,,,,,,,,,,
2,0,0,0,0,9913,52.92,859.792,9.104,4235.424,,,,,,,,,,,,,,
8,0,0,0,0,0,PAYLOAD IS !ARMED!,,,,,,,,,,,,,,,,,
2,0,0,0,0,9913,52.92,859.792,9.104,4235.424,,,,,,,,,,,,,,
8,0,0,0,0,0,PAYLOAD IS !ARMED!,,,,,,,,,,,,,,,,,
2,0,0,0,0,9914,52.92,859.8,9.104,4234.98,,,,,,,,,,,,,,
8,0,0,0,0,0,PAYLOAD IS !ARMED!,,,,,,,,,,,,,,,,,
5,0,0,0,0,9914,-3.048,,,,,,,,,,,,,,,,,
8,0,0,0,0,0,PAYLOAD IS !ARMED!,,,,,,,,,,,,,,,,,
2,0,0,0,0,9915,52.91,858.667,9.093,4301.105,,,,,,,,,,,,,,
8,0,0,0,0,0,PAYLOAD IS !ARMED!,,,,,,,,,,,,,,,,,
5,0,0,0,0,9916,50.292,,,,,,,,,,,,,,,,,
8,0,0,0,0,0,PAYLOAD IS !ARMED!,,,,,,,,,,,,,,,,,
2,0,0,0,0,9916,52.86,849.391,9.026,4826.296,,,,,,,,,,,,,,
8,0,0,0,0,0,PAYLOAD IS !ARMED!,,,,,,,,,,,,,,,,,
5,0,0,0,0,9917,173.736,,,,,,,,,,,,,,,,,
8,0,0,0,0,9917,19:0:41,32.9428329468,-106.9150619507,1394.4000244141,,,,,,,,,,,,,,
8,0,0,0,0,0,PAYLOAD IS !ARMED!,,,,,,,,,,,,,,,,,
2,0,0,0,0,9918,52.83,816.444,8.733,6496.112,,,,,,,,,,,,,,
8,0,0,0,0,0,PAYLOAD IS !ARMED!,,,,,,,,,,,,,,,,,
2,0,0,0,0,9918,52.84,801.115,8.57,7189.675,,,,,,,,,,,,,,
8,0,0,0,0,0,PAYLOAD IS !ARMED!,,,,,,,,,,,,,,,,,
5,0,0,0,0,9919,553.822,,,,,,,,,,,,,,,,,
8,0,0,0,0,0,PAYLOAD IS !ARMED!,,,,,,,,,,,,,,,,,
2,0,0,0,0,9919,52.85,787.341,8.419,7776.826,,,,,,,,,,,,,,
8,0,0,0,0,0,PAYLOAD IS !ARMED!,,,,,,,,,,,,,,,,,
5,0,0,0,0,9920,841.858,,,,,,,,,,,,,,,,,
8,0,0,0,0,0,PAYLOAD IS !ARMED!,,,,,,,,,,,,,,,,,
2,0,0,0,0,9921,52.88,748.118,7.877,9298.374,,,,,,,,,,,,,,
8,0,0,0,0,0,PAYLOAD IS !ARMED!,,,,,,,,,,,,,,,,,
5,0,0,0,0,9921,1099.109,,,,,,,,,,,,,,,,,
8,0,0,0,0,0,PAYLOAD IS !ARMED!,,,,,,,,,,,,,,,,,
2,0,0,0,0,9922,52.89,725.878,7.573,10082.047,,,,,,,,,,,,,,
8,0,0,0,0,0,PAYLOAD IS !ARMED!,,,,,,,,,,,,,,,,,
8,0,0,0,0,9922,19:1:6,32.9428329468,-106.9150619507,1394.4000244141,,,,,,,,,,,,,,
8,0,0,0,0,0,PAYLOAD IS !ARMED!,,,,,,,,,,,,,,,,,
5,0,0,0,0,9923,1464.259,,,,,,,,,,,,,,,,,
8,0,0,0,0,0,PAYLOAD IS !ARMED!,,,,,,,,,,,,,,,,,
2,0,0,0,0,9924,52.89,694.657,7.204,11107.716,,,,,,,,,,,,,,
8,0,0,0,0,0,PAYLOAD IS !ARMED!,,,,,,,,,,,,,,,,,
5,0,0,0,0,9924,1785.214,,,,,,,,,,,,,,,,,
8,0,0,0,0,0,PAYLOAD IS !ARMED!,,,,,,,,,,,,,,,,,
5,0,0,0,0,9925,1785.214,,,,,,,,,,,,,,,,,
8,0,0,0,0,0,PAYLOAD IS !ARMED!,,,,,,,,,,,,,,,,,
2,0,0,0,0,9925,52.9,677.933,7.03,11627.42,,,,,,,,,,,,,,
8,0,0,0,0,0,PAYLOAD IS !ARMED!,,,,,,,,,,,,,,,,,
5,0,0,0,0,9926,1977.238,,,,,,,,,,,,,,,,,
8,0,0,0,0,0,PAYLOAD IS !ARMED!,,,,,,,,,,,,,,,,,
2,0,0,0,0,9926,52.9,662.146,6.89,12101.871,,,,,,,,,,,,,,
8,0,0,0,0,9926,19:1:11,32.9428329468,-106.9150619507,1394.4000244141,,,,,,,,,,,,,,
8,0,0,0,0,0,PAYLOAD IS !ARMED!,,,,,,,,,,,,,,,,,
5,0,0,0,0,9927,2150.059,,,,,,,,,,,,,,,,,
8,0,0,0,0,0,PAYLOAD IS !ARMED!,,,,,,,,,,,,,,,,,
5,0,0,0,0,9928,2223.821,,,,,,,,,,,,,,,,,
8,0,0,0,0,0,PAYLOAD IS !ARMED!,,,,,,,,,,,,,,,,,
5,0,0,0,0,9928,2318.309,,,,,,,,,,,,,,,,,
8,0,0,0,0,0,PAYLOAD IS !ARMED!,,,,,,,,,,,,,,,,,
2,0,0,0,0,9929,52.92,635.504,6.694,12871.795,,,,,,,,,,,,,,
8,0,0,0,0,0,PAYLOAD IS !ARMED!,,,,,,,,,,,,,,,,,
2,0,0,0,0,9930,52.92,625.283,6.618,13158.196,,,,,,,,,,,,,,
8,0,0,0,0,0,PAYLOAD IS !ARMED!,,,,,,,,,,,,,,,,,
5,0,0,0,0,9930,2516.124,,,,,,,,,,,,,,,,,
8,0,0,0,0,0,PAYLOAD IS !ARMED!,,,,,,,,,,,,,,,,,
2,0,0,0,0,9931,52.92,615.745,6.586,13421.427,,,,,,,,,,,,,,
8,0,0,0,0,0,PAYLOAD IS !ARMED!,,,,,,,,,,,,,,,,,
5,0,0,0,0,9931,2632.863,,,,,,,,,,,,,,,,,
8,0,0,0,0,0,PAYLOAD IS !ARMED!,,,,,,,,,,,,,,,,,
8,0,0,0,0,9932,19:1:13,32.9428329468,-106.9150619507,1394.4000244141,,,,,,,,,,,,,,
8,0,0,0,0,0,PAYLOAD IS !ARMED!,,,,,,,,,,,,,,,,,
5,0,0,0,0,9933,2731.008,,,,,,,,,,,,,,,,,
8,0,0,0,0,0,PAYLOAD IS !ARMED!,,,,,,,,,,,,,,,,,
5,0,0,0,0,9933,2776.118,,,,,,,,,,,,,,,,,
8,0,0,0,0,0,PAYLOAD IS !ARMED!,,,,,,,,,,,,,,,,,
5,0,0,0,0,9934,2820.619,,,,,,,,,,,,,,,,,
8,0,0,0,0,0,PAYLOAD IS !ARMED!,,,,,,,,,,,,,,,,,
2,0,0,0,0,9934,52.94,595.547,6.521,13967.316,,,,,,,,,,,,,,
8,0,0,0,0,0,PAYLOAD IS !ARMED!,,,,,,,,,,,,,,,,,
5,0,0,0,0,9935,2890.723,,,,,,,,,,,,,,,,,
8,0,0,0,0,0,PAYLOAD IS !ARMED!,,,,,,,,,,,,,,,,,
2,0,0,0,0,9935,52.95,590.791,6.51,14093.755,,,,,,,,,,,,,,
8,0,0,0,0,0,PAYLOAD IS !ARMED!,,,,,,,,,,,,,,,,,
2,0,0,0,0,9936,52.95,589.008,6.51,14140.99,,,,,,,,,,,,,,
8,0,0,0,0,9936,19:1:20,32.9428329468,-106.9150619507,1394.4000244141,,,,,,,,,,,,,,
8,0,0,0,0,0,PAYLOAD IS !ARMED!,,,,,,,,,,,,,,,,,
2,0,0,0,0,9937,52.95,588.789,6.51,14146.775,,,,,,,,,,,,,,
8,0,0,0,0,0,PAYLOAD IS !ARMED!,,,,,,,,,,,,,,,,,
5,0,0,0,0,9937,2995.574,,,,,,,,,,,,,,,,,
8,0,0,0,0,0,PAYLOAD IS !ARMED!,,,,,,,,,,,,,,,,,
2,0,0,0,0,9938,52.96,585.693,6.554,14228.5,,,,,,,,,,,,,,
8,0,0,0,0,0,PAYLOAD IS !ARMED!,,,,,,,,,,,,,,,,,
2,0,0,0,0,9939,52.83,583.816,3.131,14277.89,,,,,,,,,,,,,,
8,0,0,0,0,0,PAYLOAD IS !ARMED!,,,,,,,,,,,,,,,,,
2,0,0,0,0,9939,52.83,583.816,3.131,14277.89,,,,,,,,,,,,,,
8,0,0,0,0,0,PAYLOAD IS !ARMED!,,,,,,,,,,,,,,,,,
2,0,0,0,0,9940,52.36,582.919,0,14301.443,,,,,,,,,,,,,,
8,0,0,0,0,0,PAYLOAD IS !ARMED!,,,,,,,,,,,,,,,,,
2,0,0,0,0,9940,52.36,582.919,0,14301.443,,,,,,,,,,,,,,
8,0,0,0,0,0,PAYLOAD IS !ARMED!,,,,,,,,,,,,,,,,,
2,0,0,0,0,9941,52.2,582.945,0,14300.774,,,,,,,,,,,,,,
8,0,0,0,0,9941,19:1:23,32.9428329468,-106.9150619507,1394.4000244141,,,,,,,,,,,,,,
8,0,0,0,0,0,PAYLOAD IS !ARMED!,,,,,,,,,,,,,,,,,
5,0,0,0,0,9942,3081.223,,,,,,,,,,,,,,,,,
8,0,0,0,0,0,PAYLOAD IS !ARMED!,,,,,,,,,,,,,,,,,
2,0,0,0,0,9942,52.2,583.581,0,14284.062,,,,,,,,,,,,,,
8,0,0,0,0,0,PAYLOAD IS !ARMED!,,,,,,,,,,,,,,,,,
5,0,0,0,0,9943,3192.475,,,,,,,,,,,,,,,,,
8,0,0,0,0,0,PAYLOAD IS !ARMED!,,,,,,,,,,,,,,,,,
2,0,0,0,0,9943,51.35,585.434,0,14235.312,,,,,,,,,,,,,,
8,0,0,0,0,0,PAYLOAD IS !ARMED!,,,,,,,,,,,,,,,,,
5,0,0,0,0,9944,3067.202,,,,,,,,,,,,,,,,,
8,0,0,0,0,0,PAYLOAD IS !ARMED!,,,,,,,,,,,,,,,,,
2,0,0,0,0,9945,51.14,587.626,0,14177.495,,,,,,,,,,,,,,
8,0,0,0,0,0,PAYLOAD IS !ARMED!,,,,,,,,,,,,,,,,,
5,0,0,0,0,9945,3109.875,,,,,,,,,,,,,,,,,
8,0,0,0,0,0,PAYLOAD IS !ARMED!,,,,,,,,,,,,,,,,,
2,0,0,0,0,9946,50.92,589.283,0,14133.7,,,,,,,,,,,,,,
8,0,0,0,0,9946,19:1:23,32.9428329468,-106.9150619507,1394.4000244141,,,,,,,,,,,,,,
8,0,0,0,0,0,PAYLOAD IS !ARMED!,,,,,,,,,,,,,,,,,
5,0,0,0,0,9947,3052.267,,,,,,,,,,,,,,,,,
8,0,0,0,0,0,PAYLOAD IS !ARMED!,,,,,,,,,,,,,,,,,
2,0,0,0,0,9947,49.77,594.305,0,14000.427,,,,,,,,,,,,,,
8,0,0,0,0,0,PAYLOAD IS !ARMED!,,,,,,,,,,,,,,,,,
5,0,0,0,0,9948,2977.591,,,,,,,,,,,,,,,,,
8,0,0,0,0,0,PAYLOAD IS !ARMED!,,,,,,,,,,,,,,,,,
2,0,0,0,0,9955,49.83,596.654,0,13937.766,,,,,,,,,,,,,,
8,0,0,0,0,0,PAYLOAD IS !ARMED!,,,,,,,,,,,,,,,,,
2,0,0,0,0,9956,48.76,602.858,0,13771.436,,,,,,,,,,,,,,
8,0,0,0,0,0,PAYLOAD IS !ARMED!,,,,,,,,,,,,,,,,,
5,0,0,0,0,9957,2829.458,,,,,,,,,,,,,,,,,
8,0,0,0,0,0,PAYLOAD IS !ARMED!,,,,,,,,,,,,,,,,,
2,0,0,0,0,9957,48.52,603.93,0,13742.569,,,,,,,,,,,,,,
8,0,0,0,0,0,PAYLOAD IS !ARMED!,,,,,,,,,,,,,,,,,
5,0,0,0,0,9958,2810.561,,,,,,,,,,,,,,,,,
8,0,0,0,0,9958,19:1:32,32.940776825,-106.9093170166,1394.4000244141,,,,,,,,,,,,,,
8,0,0,0,0,0,PAYLOAD IS !ARMED!,,,,,,,,,,,,,,,,,
2,0,0,0,0,9958,48.26,605.029,0,13712.921,,,,,,,,,,,,,,
8,0,0,0,0,0,PAYLOAD IS !ARMED!,,,,,,,,,,,,,,,,,
2,0,0,0,0,9959,47.98,606.166,0,13682.174,,,,,,,,,,,,,,
8,0,0,0,0,0,PAYLOAD IS !ARMED!,,,,,,,,,,,,,,,,,
2,0,0,0,0,9960,47.98,606.322,0,13677.971,,,,,,,,,,,,,,
8,0,0,0,0,0,PAYLOAD IS !ARMED!,,,,,,,,,,,,,,,,,
5,0,0,0,0,9960,2797.759,,,,,,,,,,,,,,,,,
8,0,0,0,0,0,PAYLOAD IS !ARMED!,,,,,,,,,,,,,,,,,
2,0,0,0,0,9961,47.81,607.33,0,13650.695,,,,,,,,,,,,,,
8,0,0,0,0,0,PAYLOAD IS !ARMED!,,,,,,,,,,,,,,,,,
2,0,0,0,0,9961,47.65,608.65,0,13614.904,,,,,,,,,,,,,,
8,0,0,0,0,0,PAYLOAD IS !ARMED!,,,,,,,,,,,,,,,,,
5,0,0,0,0,9962,2820.314,,,,,,,,,,,,,,,,,
8,0,0,0,0,0,PAYLOAD IS !ARMED!,,,,,,,,,,,,,,,,,
2,0,0,0,0,9963,47.37,609.181,0,13600.476,,,,,,,,,,,,,,
8,0,0,0,0,9963,19:1:32,32.940776825,-106.9093170166,1394.4000244141,,,,,,,,,,,,,,
8,0,0,0,0,0,PAYLOAD IS !ARMED!,,,,,,,,,,,,,,,,,
2,0,0,0,0,9963,47.04,610.419,0,13566.849,,,,,,,,,,,,,,
8,0,0,0,0,0,PAYLOAD IS !ARMED!,,,,,,,,,,,,,,,,,
2,0,0,0,0,9964,47.15,611.061,0,13549.359,,,,,,,,,,,,,,
8,0,0,0,0,0,PAYLOAD IS !ARMED!,,,,,,,,,,,,,,,,,
2,0,0,0,0,9965,47.28,611.695,0,13532.502,,,,,,,,,,,,,,
8,0,0,0,0,0,PAYLOAD IS !ARMED!,,,,,,,,,,,,,,,,,
5,0,0,0,0,9965,2725.522,,,,,,,,,,,,,,,,,
8,0,0,0,0,0,PAYLOAD IS !ARMED!,,,,,,,,,,,,,,,,,
2,0,0,0,0,9966,47.28,612.317,0,13515.139,,,,,,,,,,,,,,
8,0,0,0,0,0,PAYLOAD IS !ARMED!,,,,,,,,,,,,,,,,,
2,0,0,0,0,9966,46.8,613.55,0,13481.486,,,,,,,,,,,,,,
8,0,0,0,0,0,PAYLOAD IS !ARMED!,,,,,,,,,,,,,,,,,
2,0,0,0,0,9967,46.8,613.55,0,13481.486,,,,,,,,,,,,,,
8,0,0,0,0,9967,19:1:32,32.940776825,-106.9093170166,1394.4000244141,,,,,,,,,,,,,,
8,0,0,0,0,0,PAYLOAD IS !ARMED!,,,,,,,,,,,,,,,,,
2,0,0,0,0,9968,46.84,613.993,0,13469.393,,,,,,,,,,,,,,
8,0,0,0,0,0,PAYLOAD IS !ARMED!,,,,,,,,,,,,,,,,,
5,0,0,0,0,9968,2688.641,,,,,,,,,,,,,,,,,
8,0,0,0,0,0,PAYLOAD IS !ARMED!,,,,,,,,,,,,,,,,,
2,0,0,0,0,9969,46.45,615.393,0,13431.069,,,,,,,,,,,,,,
8,0,0,0,0,0,PAYLOAD IS !ARMED!,,,,,,,,,,,,,,,,,
2,0,0,0,0,9969,46.34,616.558,0,13399.13,,,,,,,,,,,,,,
8,0,0,0,0,0,PAYLOAD IS !ARMED!,,,,,,,,,,,,,,,,,
5,0,0,0,0,9970,2747.467,,,,,,,,,,,,,,,,,
8,0,0,0,0,0,PAYLOAD IS !ARMED!,,,,,,,,,,,,,,,,,
5,0,0,0,0,9971,2698.699,,,,,,,,,,,,,,,,,
8,0,0,0,0,0,PAYLOAD IS !ARMED!,,,,,,,,,,,,,,,,,
5,0,0,0,0,9971,2698.699,,,,,,,,,,,,,,,,,
8,0,0,0,0,0,PAYLOAD IS !ARMED!,,,,,,,,,,,,,,,,,
2,0,0,0,0,9972,45.78,618.99,0,13332.273,,,,,,,,,,,,,,
8,0,0,0,0,0,PAYLOAD IS !ARMED!,,,,,,,,,,,,,,,,,
2,0,0,0,0,9973,45.7,619.546,0,13316.965,,,,,,,,,,,,,,
8,0,0,0,0,0,PAYLOAD IS !ARMED!,,,,,,,,,,,,,,,,,
2,0,0,0,0,9973,45.6,620.172,0,13299.719,,,,,,,,,,,,,,
8,0,0,0,0,0,PAYLOAD IS !ARMED!,,,,,,,,,,,,,,,,,
5,0,0,0,0,9974,2607.564,,,,,,,,,,,,,,,,,
8,0,0,0,0,0,PAYLOAD IS !ARMED!,,,,,,,,,,,,,,,,,
5,0,0,0,0,9974,2607.564,,,,,,,,,,,,,,,,,
8,0,0,0,0,0,PAYLOAD IS !ARMED!,,,,,,,,,,,,,,,,,
2,0,0,0,0,9975,45.36,621.423,0,13265.172,,,,,,,,,,,,,,
8,0,0,0,0,0,PAYLOAD IS !ARMED!,,,,,,,,,,,,,,,,,
5,0,0,0,0,9976,2638.044,,,,,,,,,,,,,,,,,
8,0,0,0,0,9976,19:1:32,32.940776825,-106.9093170166,1394.4000244141,,,,,,,,,,,,,,
8,0,0,0,0,0,PAYLOAD IS !ARMED!,,,,,,,,,,,,,,,,,
5,0,0,0,0,9976,2588.057,,,,,,,,,,,,,,,,,
8,0,0,0,0,0,PAYLOAD IS !ARMED!,,,,,,,,,,,,,,,,,
2,0,0,0,0,9977,45,623.988,0,13194.138,,,,,,,,,,,,,,
8,0,0,0,0,0,PAYLOAD IS !ARMED!,,,,,,,,,,,,,,,,,
5,0,0,0,0,9977,2572.207,,,,,,,,,,,,,,,,,
8,0,0,0,0,0,PAYLOAD IS !ARMED!,,,,,,,,,,,,,,,,,
2,0,0,0,0,9978,44.76,625.166,0,13161.449,,,,,,,,,,,,,,
8,0,0,0,0,0,PAYLOAD IS !ARMED!,,,,,,,,,,,,,,,,,
5,0,0,0,0,9979,2556.053,,,,,,,,,,,,,,,,,
8,0,0,0,0,0,PAYLOAD IS !ARMED!,,,,,,,,,,,,,,,,,
2,0,0,0,0,9979,44.7,625.806,0,13143.639,,,,,,,,,,,,,,
8,0,0,0,0,0,PAYLOAD IS !ARMED!,,,,,,,,,,,,,,,,,
2,0,0,0,0,9980,44.53,626.844,0,13114.757,,,,,,,,,,,,,,
8,0,0,0,0,0,PAYLOAD IS !ARMED!,,,,,,,,,,,,,,,,,
2,0,0,0,0,9980,44.53,626.844,0,13114.757,,,,,,,,,,,,,,
8,0,0,0,0,9980,19:1:32,32.940776825,-106.9093170166,1394.4000244141,,,,,,,,,,,,,,
8,0,0,0,0,0,PAYLOAD IS !ARMED!,,,,,,,,,,,,,,,,,
2,0,0,0,0,9981,44.33,628.237,0,13075.893,,,,,,,,,,,,,,
5,0,0,0,0,9982,2520.391,,,,,,,,,,,,,,,,,
8,0,0,0,0,0,PAYLOAD IS !ARMED!,,,,,,,,,,,,,,,,,
2,0,0,0,0,9982,44.25,629.099,0,13051.808,,,,,,,,,,,,,,
8,0,0,0,0,0,PAYLOAD IS !ARMED!,,,,,,,,,,,,,,,,,
5,0,0,0,0,9983,2502.713,,,,,,,,,,,,,,,,,
8,0,0,0,0,0,PAYLOAD IS !ARMED!,,,,,,,,,,,,,,,,,
2,0,0,0,0,9983,44.05,630.152,0,13022.344,,,,,,,,,,,,,,
8,0,0,0,0,0,PAYLOAD IS !ARMED!,,,,,,,,,,,,,,,,,
2,0,0,0,0,9984,43.86,631.413,0,12986.979,,,,,,,,,,,,,,
8,0,0,0,0,0,PAYLOAD IS !ARMED!,,,,,,,,,,,,,,,,,
5,0,0,0,0,9985,2524.963,,,,,,,,,,,,,,,,,
8,0,0,0,0,0,PAYLOAD IS !ARMED!,,,,,,,,,,,,,,,,,
5,0,0,0,0,9985,2468.271,,,,,,,,,,,,,,,,,
8,0,0,0,0,9985,19:2:6,32.9419288635,-106.9067230225,1394.4000244141,,,,,,,,,,,,,,
8,0,0,0,0,0,PAYLOAD IS !ARMED!,,,,,,,,,,,,,,,,,
2,0,0,0,0,9986,43.59,632.759,0,12949.172,,,,,,,,,,,,,,
8,0,0,0,0,0,PAYLOAD IS !ARMED!,,,,,,,,,,,,,,,,,
5,0,0,0,0,9987,2459.126,,,,,,,,,,,,,,,,,
8,0,0,0,0,0,PAYLOAD IS !ARMED!,,,,,,,,,,,,,,,,,
5,0,0,0,0,9987,2494.788,,,,,,,,,,,,,,,,,
8,0,0,0,0,0,PAYLOAD IS !ARMED!,,,,,,,,,,,,,,,,,
5,0,0,0,0,9988,2494.788,,,,,,,,,,,,,,,,,
8,0,0,0,0,0,PAYLOAD IS !ARMED!,,,,,,,,,,,,,,,,,
5,0,0,0,0,9988,2431.085,,,,,,,,,,,,,,,,,
8,0,0,0,0,0,PAYLOAD IS !ARMED!,,,,,,,,,,,,,,,,,
2,0,0,0,0,9989,43.16,636.763,0,12836.193,,,,,,,,,,,,,,
8,0,0,0,0,0,PAYLOAD IS !ARMED!,,,,,,,,,,,,,,,,,
5,0,0,0,0,9990,2412.187,,,,,,,,,,,,,,,,,
8,0,0,0,0,0,PAYLOAD IS !ARMED!,,,,,,,,,,,,,,,,,
5,0,0,0,0,9990,2434.438,,,,,,,,,,,,,,,,,
8,0,0,0,0,9990,19:2:6,32.9419288635,-106.9067230225,1394.4000244141,,,,,,,,,,,,,,
8,0,0,0,0,0,PAYLOAD IS !ARMED!,,,,,,,,,,,,,,,,,
5,0,0,0,0,9991,2469.794,,,,,,,,,,,,,,,,,
8,0,0,0,0,0,PAYLOAD IS !ARMED!,,,,,,,,,,,,,,,,,
2,0,0,0,0,9991,42.88,639.31,0,12763.942,,,,,,,,,,,,,,
8,0,0,0,0,0,PAYLOAD IS !ARMED!,,,,,,,,,,,,,,,,,
5,0,0,0,0,9992,2432.914,,,,,,,,,,,,,,,,,
8,0,0,0,0,0,PAYLOAD IS !ARMED!,,,,,,,,,,,,,,,,,
2,0,0,0,0,9993,42.65,640.577,0,12727.9,,,,,,,,,,,,,,
8,0,0,0,0,0,PAYLOAD IS !ARMED!,,,,,,,,,,,,,,,,,
2,0,0,0,0,9993,42.65,641.177,0,12710.806,,,,,,,,,,,,,,
8,0,0,0,0,0,PAYLOAD IS !ARMED!,,,,,,,,,,,,,,,,,
2,0,0,0,0,9994,42.65,641.177,0,12711.522,,,,,,,,,,,,,,
8,0,0,0,0,0,PAYLOAD IS !ARMED!,,,,,,,,,,,,,,,,,
2,0,0,0,0,9994,42.55,642.401,0,12675.876,,,,,,,,,,,,,,
8,0,0,0,0,9994,19:2:15,32.9421463013,-106.9058761597,1394.4000244141,,,,,,,,,,,,,,
8,0,0,0,0,0,PAYLOAD IS !ARMED!,,,,,,,,,,,,,,,,,
5,0,0,0,0,9995,2392.68,,,,,,,,,,,,,,,,,
8,0,0,0,0,0,PAYLOAD IS !ARMED!,,,,,,,,,,,,,,,,,
2,0,0,0,0,9996,42.27,643.844,0,12634.605,,,,,,,,,,,,,,
8,0,0,0,0,0,PAYLOAD IS !ARMED!,,,,,,,,,,,,,,,,,
2,0,0,0,0,9996,42.27,643.844,0,12634.605,,,,,,,,,,,,,,
8,0,0,0,0,0,PAYLOAD IS !ARMED!,,,,,,,,,,,,,,,,,
5,0,0,0,0,9997,2322.881,,,,,,,,,,,,,,,,,
8,0,0,0,0,0,PAYLOAD IS !ARMED!,,,,,,,,,,,,,,,,,
2,0,0,0,0,9997,41.97,645.664,0,12582.377,,,,,,,,,,,,,,
8,0,0,0,0,0,PAYLOAD IS !ARMED!,,,,,,,,,,,,,,,,,
2,0,0,0,0,9998,42.09,646.321,0,12563.507,,,,,,,,,,,,,,
8,0,0,0,0,0,PAYLOAD IS !ARMED!,,,,,,,,,,,,,,,,,
2,0,0,0,0,9999,42.06,646.971,0,12544.776,,,,,,,,,,,,,,
8,0,0,0,0,0,PAYLOAD IS !ARMED!,,,,,,,,,,,,,,,,,
8,0,0,0,0,9999,19:2:15,32.9421463013,-106.9058761597,1394.4000244141,,,,,,,,,,,,,,
8,0,0,0,0,0,PAYLOAD IS !ARMED!,,,,,,,,,,,,,,,,,
2,0,0,0,0,10000,41.79,647.572,0,12527.48,,,,,,,,,,,,,,
8,0,0,0,0,0,PAYLOAD IS !ARMED!,,,,,,,,,,,,,,,,,
2,0,0,0,0,10001,41.74,648.878,0,12489.801,,,,,,,,,,,,,,
8,0,0,0,0,0,PAYLOAD IS !ARMED!,,,,,,,,,,,,,,,,,
2,0,0,0,0,10001,41.76,649.552,0,12470.306,,,,,,,,,,,,,,
8,0,0,0,0,0,PAYLOAD IS !ARMED!,,,,,,,,,,,,,,,,,
2,0,0,0,0,10002,41.68,650.107,0,12454.249,,,,,,,,,,,,,,
8,0,0,0,0,0,PAYLOAD IS !ARMED!,,,,,,,,,,,,,,,,,
2,0,0,0,0,10002,41.68,650.107,0,12454.249,,,,,,,,,,,,,,
8,0,0,0,0,0,PAYLOAD IS !ARMED!,,,,,,,,,,,,,,,,,
5,0,0,0,0,10003,2247.291,,,,,,,,,,,,,,,,,
8,0,0,0,0,0,PAYLOAD IS !ARMED!,,,,,,,,,,,,,,,,,
2,0,0,0,0,10004,41.47,651.538,0.021,12412.764,,,,,,,,,,,,,,
8,0,0,0,0,0,PAYLOAD IS !ARMED!,,,,,,,,,,,,,,,,,
2,0,0,0,0,10004,41.38,652.056,0.095,12397.721,,,,,,,,,,,,,,
8,0,0,0,0,10004,19:2:15,32.9421463013,-106.9058761597,1394.4000244141,,,,,,,,,,,,,,
8,0,0,0,0,0,PAYLOAD IS !ARMED!,,,,,,,,,,,,,,,,,
5,0,0,0,0,10005,2223.211,,,,,,,,,,,,,,,,,
8,0,0,0,0,0,PAYLOAD IS !ARMED!,,,,,,,,,,,,,,,,,
5,0,0,0,0,10005,2286.61,,,,,,,,,,,,,,,,,
8,0,0,0,0,0,PAYLOAD IS !ARMED!,,,,,,,,,,,,,,,,,
2,0,0,0,0,10006,41.03,654.771,0.381,12318.659,,,,,,,,,,,,,,
8,0,0,0,0,0,PAYLOAD IS !ARMED!,,,,,,,,,,,,,,,,,
5,0,0,0,0,10007,2194.865,,,,,,,,,,,,,,,,,
8,0,0,0,0,0,PAYLOAD IS !ARMED!,,,,,,,,,,,,,,,,,
2,0,0,0,0,10007,40.93,655.927,0.424,12284.859,,,,,,,,,,,,,,
8,0,0,0,0,0,PAYLOAD IS !ARMED!,,,,,,,,,,,,,,,,,
5,0,0,0,0,10008,2178.71,,,,,,,,,,,,,,,,,
8,0,0,0,0,0,PAYLOAD IS !ARMED!,,,,,,,,,,,,,,,,,
2,0,0,0,0,10008,40.82,657.271,0.455,12245.479,,,,,,,,,,,,,,
8,0,0,0,0,10008,19:2:15,32.9421463013,-106.9058761597,1394.4000244141,,,,,,,,,,,,,,
8,0,0,0,0,0,PAYLOAD IS !ARMED!,,,,,,,,,,,,,,,,,
5,0,0,0,0,10009,2219.554,,,,,,,,,,,,,,,,,
8,0,0,0,0,0,PAYLOAD IS !ARMED!,,,,,,,,,,,,,,,,,
2,0,0,0,0,10010,40.67,658.623,0.498,12205.796,,,,,,,,,,,,,,
8,0,0,0,0,0,PAYLOAD IS !ARMED!,,,,,,,,,,,,,,,,,
5,0,0,0,0,10010,2221.078,,,,,,,,,,,,,,,,,
8,0,0,0,0,0,PAYLOAD IS !ARMED!,,,,,,,,,,,,,,,,,
2,0,0,0,0,10011,40.59,659.105,0.54,12191.624,,,,,,,,,,,,,,
8,0,0,0,0,0,PAYLOAD IS !ARMED!,,,,,,,,,,,,,,,,,
2,0,0,0,0,10011,40.42,660.287,0.582,12156.795,,,,,,,,,,,,,,
8,0,0,0,0,0,PAYLOAD IS !ARMED!,,,,,,,,,,,,,,,,,
5,0,0,0,0,10012,2199.437,,,,,,,,,,,,,,,,,
8,0,0,0,0,0,PAYLOAD IS !ARMED!,,,,,,,,,,,,,,,,,
2,0,0,0,0,10013,40.28,661.716,0.603,12114.598,,,,,,,,,,,,,,
8,0,0,0,0,0,PAYLOAD IS !ARMED!,,,,,,,,,,,,,,,,,
5,0,0,0,0,10013,2183.892,,,,,,,,,,,,,,,,,
8,0,0,0,0,0,PAYLOAD IS !ARMED!,,,,,,,,,,,,,,,,,
8,0,0,0,0,10014,19:2:15,32.9421463013,-106.9058761597,1394.4000244141,,,,,,,,,,,,,,
8,0,0,0,0,0,PAYLOAD IS !ARMED!,,,,,,,,,,,,,,,,,
5,0,0,0,0,10015,2142.744,,,,,,,,,,,,,,,,,
8,0,0,0,0,0,PAYLOAD IS !ARMED!,,,,,,,,,,,,,,,,,
2,0,0,0,0,10015,40,664.269,0.688,12038.911,,,,,,,,,,,,,,
8,0,0,0,0,0,PAYLOAD IS !ARMED!,,,,,,,,,,,,,,,,,
5,0,0,0,0,10016,2169.262,,,,,,,,,,,,,,,,,
8,0,0,0,0,0,PAYLOAD IS !ARMED!,,,,,,,,,,,,,,,,,
2,0,0,0,0,10016,39.92,664.891,0.719,12020.406,,,,,,,,,,,,,,
8,0,0,0,0,0,PAYLOAD IS !ARMED!,,,,,,,,,,,,,,,,,
5,0,0,0,0,10017,2097.938,,,,,,,,,,,,,,,,,
8,0,0,0,0,0,PAYLOAD IS !ARMED!,,,,,,,,,,,,,,,,,
5,0,0,0,0,10017,2129.638,,,,,,,,,,,,,,,,,
8,0,0,0,0,0,PAYLOAD IS !ARMED!,,,,,,,,,,,,,,,,,
2,0,0,0,0,10018,39.83,666.758,0.793,11964.773,,,,,,,,,,,,,,
8,0,0,0,0,0,PAYLOAD IS !ARMED!,,,,,,,,,,,,,,,,,
8,0,0,0,0,10019,19:2:15,32.9421463013,-106.9058761597,1394.4000244141,,,,,,,,,,,,,,
8,0,0,0,0,0,PAYLOAD IS !ARMED!,,,,,,,,,,,,,,,,,
5,0,0,0,0,10019,2044.294,,,,,,,,,,,,,,,,,
8,0,0,0,0,0,PAYLOAD IS !ARMED!,,,,,,,,,,,,,,,,,
5,0,0,0,0,10020,2029.054,,,,,,,,,,,,,,,,,
8,0,0,0,0,0,PAYLOAD IS !ARMED!,,,,,,,,,,,,,,,,,
2,0,0,0,0,10020,39.56,669.234,0.855,11890.675,,,,,,,,,,,,,,
8,0,0,0,0,0,PAYLOAD IS !ARMED!,,,,,,,,,,,,,,,,,
5,0,0,0,0,10021,2062.277,,,,,,,,,,,,,,,,,
8,0,0,0,0,0,PAYLOAD IS !ARMED!,,,,,,,,,,,,,,,,,
2,0,0,0,0,10022,39.41,671.098,1.035,11834.654,,,,,,,,,,,,,,
8,0,0,0,0,0,PAYLOAD IS !ARMED!,,,,,,,,,,,,,,,,,
2,0,0,0,0,10022,39.41,671.098,1.035,11834.654,,,,,,,,,,,,,,
8,0,0,0,0,0,PAYLOAD IS !ARMED!,,,,,,,,,,,,,,,,,
2,0,0,0,0,10023,39.35,672.173,1.109,11802.233,,,,,,,,,,,,,,
8,0,0,0,0,10023,19:2:15,32.9421463013,-106.9058761597,1394.4000244141,,,,,,,,,,,,,,
8,0,0,0,0,0,PAYLOAD IS !ARMED!,,,,,,,,,,,,,,,,,
2,0,0,0,0,10024,39.35,672.173,1.109,11802.233,,,,,,,,,,,,,,
8,0,0,0,0,0,PAYLOAD IS !ARMED!,,,,,,,,,,,,,,,,,
2,0,0,0,0,10024,39.24,672.963,1.141,11778.403,,,,,,,,,,,,,,
8,0,0,0,0,0,PAYLOAD IS !ARMED!,,,,,,,,,,,,,,,,,
2,0,0,0,0,10025,39.15,673.479,1.172,11762.792,,,,,,,,,,,,,,
8,0,0,0,0,0,PAYLOAD IS !ARMED!,,,,,,,,,,,,,,,,,
2,0,0,0,0,10025,39.03,674.924,1.245,11718.995,,,,,,,,,,,,,,
8,0,0,0,0,0,PAYLOAD IS !ARMED!,,,,,,,,,,,,,,,,,
2,0,0,0,0,10026,39.03,674.924,1.245,11718.995,,,,,,,,,,,,,,
8,0,0,0,0,0,PAYLOAD IS !ARMED!,,,,,,,,,,,,,,,,,
5,0,0,0,0,10027,1963.522,,,,,,,,,,,,,,,,,
8,0,0,0,0,0,PAYLOAD IS !ARMED!,,,,,,,,,,,,,,,,,
5,0,0,0,0,10027,1948.891,,,,,,,,,,,,,,,,,
8,0,0,0,0,0,PAYLOAD IS !ARMED!,,,,,,,,,,,,,,,,,
2,0,0,0,0,10028,38.86,677.35,1.361,11645.22,,,,,,,,,,,,,,
8,0,0,0,0,0,PAYLOAD IS !ARMED!,,,,,,,,,,,,,,,,,
5,0,0,0,0,10028,1929.689,,,,,,,,,,,,,,,,,
8,0,0,0,0,10028,19:2:52,32.9424362183,-106.9021377563,1394.4000244141,,,,,,,,,,,,,,
8,0,0,0,0,0,PAYLOAD IS !ARMED!,,,,,,,,,,,,,,,,,
2,0,0,0,0,10029,38.74,678.588,1.413,11607.428,,,,,,,,,,,,,,
8,0,0,0,0,0,PAYLOAD IS !ARMED!,,,,,,,,,,,,,,,,,
5,0,0,0,0,10030,1920.85,,,,,,,,,,,,,,,,,
8,0,0,0,0,0,PAYLOAD IS !ARMED!,,,,,,,,,,,,,,,,,
2,0,0,0,0,10030,38.66,679.801,1.444,11570.287,,,,,,,,,,,,,,
8,0,0,0,0,0,PAYLOAD IS !ARMED!,,,,,,,,,,,,,,,,,
5,0,0,0,0,10031,1926.031,,,,,,,,,,,,,,,,,
8,0,0,0,0,0,PAYLOAD IS !ARMED!,,,,,,,,,,,,,,,,,
2,0,0,0,0,10031,38.5,681.195,1.497,11527.521,,,,,,,,,,,,,,
8,0,0,0,0,0,PAYLOAD IS !ARMED!,,,,,,,,,,,,,,,,,
5,0,0,0,0,10032,1887.322,,,,,,,,,,,,,,,,,
8,0,0,0,0,0,PAYLOAD IS !ARMED!,,,,,,,,,,,,,,,,,
2,0,0,0,0,10033,38.41,682.371,1.539,11491.331,,,,,,,,,,,,,,
8,0,0,0,0,0,PAYLOAD IS !ARMED!,,,,,,,,,,,,,,,,,
8,0,0,0,0,10033,19:2:52,32.9424362183,-106.9021377563,1394.4000244141,,,,,,,,,,,,,,
8,0,0,0,0,0,PAYLOAD IS !ARMED!,,,,,,,,,,,,,,,,,
2,0,0,0,0,10034,38.58,683.762,1.539,11448.401,,,,,,,,,,,,,,
8,0,0,0,0,0,PAYLOAD IS !ARMED!,,,,,,,,,,,,,,,,,
5,0,0,0,0,10034,1857.146,,,,,,,,,,,,,,,,,
8,0,0,0,0,0,PAYLOAD IS !ARMED!,,,,,,,,,,,,,,,,,
2,0,0,0,0,10035,38.34,684.938,1.602,11412.014,,,,,,,,,,,,,,
8,0,0,0,0,0,PAYLOAD IS !ARMED!,,,,,,,,,,,,,,,,,
5,0,0,0,0,10036,1840.078,,,,,,,,,,,,,,,,,
8,0,0,0,0,0,PAYLOAD IS !ARMED!,,,,,,,,,,,,,,,,,
5,0,0,0,0,10036,1837.334,,,,,,,,,,,,,,,,,
8,0,0,0,0,0,PAYLOAD IS !ARMED!,,,,,,,,,,,,,,,,,
2,0,0,0,0,10037,38.12,686.828,1.696,11353.349,,,,,,,,,,,,,,
8,0,0,0,0,0,PAYLOAD IS !ARMED!,,,,,,,,,,,,,,,,,
5,0,0,0,0,10037,1862.328,,,,,,,,,,,,,,,,,
8,0,0,0,0,0,PAYLOAD IS !ARMED!,,,,,,,,,,,,,,,,,
2,0,0,0,0,10038,38.02,688.212,1.759,11310.229,,,,,,,,,,,,,,
8,0,0,0,0,10038,19:2:52,32.9424362183,-106.9021377563,1394.4000244141,,,,,,,,,,,,,,
8,0,0,0,0,0,PAYLOAD IS !ARMED!,,,,,,,,,,,,,,,,,
5,0,0,0,0,10039,1885.798,,,,,,,,,,,,,,,,,
8,0,0,0,0,0,PAYLOAD IS !ARMED!,,,,,,,,,,,,,,,,,
2,0,0,0,0,10039,37.87,689.474,1.821,11270.784,,,,,,,,,,,,,,
8,0,0,0,0,0,PAYLOAD IS !ARMED!,,,,,,,,,,,,,,,,,
5,0,0,0,0,10040,1785.518,,,,,,,,,,,,,,,,,
8,0,0,0,0,0,PAYLOAD IS !ARMED!,,,,,,,,,,,,,,,,,
2,0,0,0,0,10040,37.8,690.654,1.874,11233.831,,,,,,,,,,,,,,
8,0,0,0,0,0,PAYLOAD IS !ARMED!,,,,,,,,,,,,,,,,,
5,0,0,0,0,10041,1776.984,,,,,,,,,,,,,,,,,
8,0,0,0,0,0,PAYLOAD IS !ARMED!,,,,,,,,,,,,,,,,,
2,0,0,0,0,10042,37.76,691.412,1.895,11210.041,,,,,,,,,,,,,,
8,0,0,0,0,0,PAYLOAD IS !ARMED!,,,,,,,,,,,,,,,,,
5,0,0,0,0,10042,1766.011,,,,,,,,,,,,,,,,,
8,0,0,0,0,0,PAYLOAD IS !ARMED!,,,,,,,,,,,,,,,,,
2,0,0,0,0,10043,37.69,692.656,1.999,11172.469,,,,,,,,,,,,,,
8,0,0,0,0,10043,19:2:52,32.9424362183,-106.9021377563,1394.4000244141,,,,,,,,,,,,,,
8,0,0,0,0,0,PAYLOAD IS !ARMED!,,,,,,,,,,,,,,,,,
2,0,0,0,0,10044,37.56,693.937,2.01,11130.496,,,,,,,,,,,,,,
8,0,0,0,0,0,PAYLOAD IS !ARMED!,,,,,,,,,,,,,,,,,
2,0,0,0,0,10044,37.56,693.937,2.01,11130.496,,,,,,,,,,,,,,
8,0,0,0,0,0,PAYLOAD IS !ARMED!,,,,,,,,,,,,,,,,,
2,0,0,0,0,10045,37.48,695.29,2.072,11087.663,,,,,,,,,,,,,,
8,0,0,0,0,0,PAYLOAD IS !ARMED!,,,,,,,,,,,,,,,,,
5,0,0,0,0,10045,1747.114,,,,,,,,,,,,,,,,,
2,0,0,0,0,10046,37.4,696.355,2.124,11053.868,,,,,,,,,,,,,,
8,0,0,0,0,0,PAYLOAD IS !ARMED!,,,,,,,,,,,,,,,,,
5,0,0,0,0,10047,1716.634,,,,,,,,,,,,,,,,,
8,0,0,0,0,0,PAYLOAD IS !ARMED!,,,,,,,,,,,,,,,,,
8,0,0,0,0,10047,19:2:52,32.9424362183,-106.9021377563,1394.4000244141,,,,,,,,,,,,,,
2,0,0,0,0,10048,37.29,698.285,2.177,10992.436,,,,,,,,,,,,,,
8,0,0,0,0,0,PAYLOAD IS !ARMED!,,,,,,,,,,,,,,,,,
2,0,0,0,0,10048,37.29,698.285,2.177,10992.436,,,,,,,,,,,,,,
8,0,0,0,0,0,PAYLOAD IS !ARMED!,,,,,,,,,,,,,,,,,
2,0,0,0,0,10049,37.21,699.55,2.218,10952.013,,,,,,,,,,,,,,
8,0,0,0,0,0,PAYLOAD IS !ARMED!,,,,,,,,,,,,,,,,,
2,0,0,0,0,10050,37.17,700.253,2.239,10929.501,,,,,,,,,,,,,,
8,0,0,0,0,0,PAYLOAD IS !ARMED!,,,,,,,,,,,,,,,,,
2,0,0,0,0,10050,37.15,700.939,2.26,10907.49,,,,,,,,,,,,,,
8,0,0,0,0,0,PAYLOAD IS !ARMED!,,,,,,,,,,,,,,,,,
2,0,0,0,0,10051,37.14,700.874,2.229,10909.577,,,,,,,,,,,,,,
8,0,0,0,0,0,PAYLOAD IS !ARMED!,,,,,,,,,,,,,,,,,
2,0,0,0,0,10051,37.1,702.085,2.354,10870.632,,,,,,,,,,,,,,
8,0,0,0,0,0,PAYLOAD IS !ARMED!,,,,,,,,,,,,,,,,,
5,0,0,0,0,10052,1702.003,,,,,,,,,,,,,,,,,
8,0,0,0,0,10052,19:3:12,32.942817688,-106.9003677368,1394.4000244141,,,,,,,,,,,,,,
8,0,0,0,0,0,PAYLOAD IS !ARMED!,,,,,,,,,,,,,,,,,
5,0,0,0,0,10053,1662.379,,,,,,,,,,,,,,,,,
8,0,0,0,0,0,PAYLOAD IS !ARMED!,,,,,,,,,,,,,,,,,
5,0,0,0,0,10053,1646.53,,,,,,,,,,,,,,,,,
8,0,0,0,0,0,PAYLOAD IS !ARMED!,,,,,,,,,,,,,,,,,
5,0,0,0,0,10054,1630.375,,,,,,,,,,,,,,,,,
8,0,0,0,0,0,PAYLOAD IS !ARMED!,,,,,,,,,,,,,,,,,
5,0,0,0,0,10055,1619.098,,,,,,,,,,,,,,,,,
8,0,0,0,0,0,PAYLOAD IS !ARMED!,,,,,,,,,,,,,,,,,
2,0,0,0,0,10055,36.89,705.782,2.574,10751.118,,,,,,,,,,,,,,
8,0,0,0,0,0,PAYLOAD IS !ARMED!,,,,,,,,,,,,,,,,,
5,0,0,0,0,10056,1668.17,,,,,,,,,,,,,,,,,
8,0,0,0,0,0,PAYLOAD IS !ARMED!,,,,,,,,,,,,,,,,,
2,0,0,0,0,10056,36.83,706.295,2.637,10730.29,,,,,,,,,,,,,,
8,0,0,0,0,0,PAYLOAD IS !ARMED!,,,,,,,,,,,,,,,,,
8,0,0,0,0,10057,19:3:12,32.942817688,-106.9003677368,1394.4000244141,,,,,,,,,,,,,,
8,0,0,0,0,0,PAYLOAD IS !ARMED!,,,,,,,,,,,,,,,,,
2,0,0,0,0,10058,36.79,707.596,2.721,10692.083,,,,,,,,,,,,,,
8,0,0,0,0,0,PAYLOAD IS !ARMED!,,,,,,,,,,,,,,,,,
5,0,0,0,0,10058,1579.169,,,,,,,,,,,,,,,,,
8,0,0,0,0,0,PAYLOAD IS !ARMED!,,,,,,,,,,,,,,,,,
2,0,0,0,0,10059,36.71,708.864,2.814,10650.652,,,,,,,,,,,,,,
8,0,0,0,0,0,PAYLOAD IS !ARMED!,,,,,,,,,,,,,,,,,
2,0,0,0,0,10059,36.65,710.057,2.846,10611.568,,,,,,,,,,,,,,
8,0,0,0,0,0,PAYLOAD IS !ARMED!,,,,,,,,,,,,,,,,,
2,0,0,0,0,10060,36.64,710.15,2.866,10608.516,,,,,,,,,,,,,,
8,0,0,0,0,0,PAYLOAD IS !ARMED!,,,,,,,,,,,,,,,,,
2,0,0,0,0,10061,36.57,711.312,2.887,10569.094,,,,,,,,,,,,,,
8,0,0,0,0,0,PAYLOAD IS !ARMED!,,,,,,,,,,,,,,,,,
2,0,0,0,0,10061,36.54,712.002,2.929,10547.603,,,,,,,,,,,,,,
8,0,0,0,0,10061,19:3:23,32.9431381226,-106.8994293213,1394.4000244141,,,,,,,,,,,,,,
8,0,0,0,0,0,PAYLOAD IS !ARMED!,,,,,,,,,,,,,,,,,
2,0,0,0,0,10062,36.52,712.637,2.96,10526.656,,,,,,,,,,,,,,
8,0,0,0,0,0,PAYLOAD IS !ARMED!,,,,,,,,,,,,,,,,,
2,0,0,0,0,10062,36.47,713.225,3.012,10507.219,,,,,,,,,,,,,,
8,0,0,0,0,0,PAYLOAD IS !ARMED!,,,,,,,,,,,,,,,,,
2,0,0,0,0,10063,36.45,713.869,3.044,10485.938,,,,,,,,,,,,,,
8,0,0,0,0,0,PAYLOAD IS !ARMED!,,,,,,,,,,,,,,,,,
2,0,0,0,0,10064,36.45,713.869,3.012,10482.471,,,,,,,,,,,,,,
8,0,0,0,0,0,PAYLOAD IS !ARMED!,,,,,,,,,,,,,,,,,
2,0,0,0,0,10064,36.39,715.306,3.074,10438.246,,,,,,,,,,,,,,
8,0,0,0,0,0,PAYLOAD IS !ARMED!,,,,,,,,,,,,,,,,,
5,0,0,0,0,10065,1505.712,,,,,,,,,,,,,,,,,
8,0,0,0,0,0,PAYLOAD IS !ARMED!,,,,,,,,,,,,,,,,,
5,0,0,0,0,10065,1493.215,,,,,,,,,,,,,,,,,
8,0,0,0,0,0,PAYLOAD IS !ARMED!,,,,,,,,,,,,,,,,,
5,0,0,0,0,10066,1486.51,,,,,,,,,,,,,,,,,
8,0,0,0,0,10066,19:3:26,32.94323349,-106.8991928101,1394.4000244141,,,,,,,,,,,,,,
8,0,0,0,0,0,PAYLOAD IS !ARMED!,,,,,,,,,,,,,,,,,
5,0,0,0,0,10067,1476.146,,,,,,,,,,,,,,,,,
8,0,0,0,0,0,PAYLOAD IS !ARMED!,,,,,,,,,,,,,,,,,
5,0,0,0,0,10067,1482.547,,,,,,,,,,,,,,,,,
8,0,0,0,0,0,PAYLOAD IS !ARMED!,,,,,,,,,,,,,,,,,
5,0,0,0,0,10068,1482.547,,,,,,,,,,,,,,,,,
8,0,0,0,0,0,PAYLOAD IS !ARMED!,,,,,,,,,,,,,,,,,
5,0,0,0,0,10068,1458.773,,,,,,,,,,,,,,,,,
8,0,0,0,0,0,PAYLOAD IS !ARMED!,,,,,,,,,,,,,,,,,
2,0,0,0,0,10069,36.22,719.838,3.146,10286.738,,,,,,,,,,,,,,
8,0,0,0,0,0,PAYLOAD IS !ARMED!,,,,,,,,,,,,,,,,,
5,0,0,0,0,10070,1484.986,,,,,,,,,,,,,,,,,
8,0,0,0,0,0,PAYLOAD IS !ARMED!,,,,,,,,,,,,,,,,,
2,0,0,0,0,10070,36.16,720.97,3.388,10248.624,,,,,,,,,,,,,,
8,0,0,0,0,0,PAYLOAD IS !ARMED!,,,,,,,,,,,,,,,,,
5,0,0,0,0,10071,1445.666,,,,,,,,,,,,,,,,,
8,0,0,0,0,10071,19:3:35,32.9435310364,-106.8985443115,2928.8999023438,,,,,,,,,,,,,,
8,0,0,0,0,0,PAYLOAD IS !ARMED!,,,,,,,,,,,,,,,,,
2,0,0,0,0,10072,36.07,722.244,3.701,10205.575,,,,,,,,,,,,,,
8,0,0,0,0,0,PAYLOAD IS !ARMED!,,,,,,,,,,,,,,,,,
5,0,0,0,0,10072,1466.088,,,,,,,,,,,,,,,,,
8,0,0,0,0,0,PAYLOAD IS !ARMED!,,,,,,,,,,,,,,,,,
2,0,0,0,0,10073,36.14,722.896,3.754,10183.485,,,,,,,,,,,,,,
8,0,0,0,0,0,PAYLOAD IS !ARMED!,,,,,,,,,,,,,,,,,
2,0,0,0,0,10073,35.99,723.95,3.879,10147.713,,,,,,,,,,,,,,
8,0,0,0,0,0,PAYLOAD IS !ARMED!,,,,,,,,,,,,,,,,,
2,0,0,0,0,10074,35.99,723.95,3.879,10147.713,,,,,,,,,,,,,,
8,0,0,0,0,0,PAYLOAD IS !ARMED!,,,,,,,,,,,,,,,,,
2,0,0,0,0,10075,36.09,724.534,3.911,10127.863,,,,,,,,,,,,,,
8,0,0,0,0,0,PAYLOAD IS !ARMED!,,,,,,,,,,,,,,,,,
2,0,0,0,0,10075,36.02,725.109,3.974,10108.291,,,,,,,,,,,,,,
8,0,0,0,0,0,PAYLOAD IS !ARMED!,,,,,,,,,,,,,,,,,
8,0,0,0,0,10076,19:3:35,32.9435310364,-106.8985443115,2928.8999023438,,,,,,,,,,,,,,
8,0,0,0,0,0,PAYLOAD IS !ARMED!,,,,,,,,,,,,,,,,,
5,0,0,0,0,10076,1442.314,,,,,,,,,,,,,,,,,
8,0,0,0,0,0,PAYLOAD IS !ARMED!,,,,,,,,,,,,,,,,,
5,0,0,0,0,10077,1430.731,,,,,,,,,,,,,,,,,
8,0,0,0,0,0,PAYLOAD IS !ARMED!,,,,,,,,,,,,,,,,,
5,0,0,0,0,10078,1430.731,,,,,,,,,,,,,,,,,
8,0,0,0,0,0,PAYLOAD IS !ARMED!,,,,,,,,,,,,,,,,,
5,0,0,0,0,10078,1362.761,,,,,,,,,,,,,,,,,
8,0,0,0,0,0,PAYLOAD IS !ARMED!,,,,,,,,,,,,,,,,,
2,0,0,0,0,10079,35.88,728.572,4.727,9989.681,,,,,,,,,,,,,,
8,0,0,0,0,0,PAYLOAD IS !ARMED!,,,,,,,,,,,,,,,,,
5,0,0,0,0,10079,1347.521,,,,,,,,,,,,,,,,,
8,0,0,0,0,0,PAYLOAD IS !ARMED!,,,,,,,,,,,,,,,,,
2,0,0,0,0,10080,35.87,729.731,5.365,9949.734,,,,,,,,,,,,,,
8,0,0,0,0,10080,19:3:35,32.9435310364,-106.8985443115,2928.8999023438,,,,,,,,,,,,,,
8,0,0,0,0,0,PAYLOAD IS !ARMED!,,,,,,,,,,,,,,,,,
5,0,0,0,0,10081,1339.901,,,,,,,,,,,,,,,,,
8,0,0,0,0,0,PAYLOAD IS !ARMED!,,,,,,,,,,,,,,,,,
2,0,0,0,0,10081,35.79,730.787,5.804,9913.219,,,,,,,,,,,,,,
8,0,0,0,0,0,PAYLOAD IS !ARMED!,,,,,,,,,,,,,,,,,
5,0,0,0,0,10082,1322.527,,,,,,,,,,,,,,,,,
8,0,0,0,0,0,PAYLOAD IS !ARMED!,,,,,,,,,,,,,,,,,
2,0,0,0,0,10082,35.7,732.542,6.138,9852.336,,,,,,,,,,,,,,
8,0,0,0,0,0,PAYLOAD IS !ARMED!,,,,,,,,,,,,,,,,,
5,0,0,0,0,10083,1316.126,,,,,,,,,,,,,,,,,
8,0,0,0,0,0,PAYLOAD IS !ARMED!,,,,,,,,,,,,,,,,,
2,0,0,0,0,10084,35.65,733.495,6.347,9819.151,,,,,,,,,,,,,,
8,0,0,0,0,0,PAYLOAD IS !ARMED!,,,,,,,,,,,,,,,,,
5,0,0,0,0,10084,1303.02,,,,,,,,,,,,,,,,,
8,0,0,0,0,0,PAYLOAD IS !ARMED!,,,,,,,,,,,,,,,,,
2,0,0,0,0,10085,35.6,734.606,6.43,9780.34,,,,,,,,,,,,,,
8,0,0,0,0,0,PAYLOAD IS !ARMED!,,,,,,,,,,,,,,,,,
5,0,0,0,0,10085,1295.095,,,,,,,,,,,,,,,,,
8,0,0,0,0,10085,19:3:35,32.9435310364,-106.8985443115,2928.8999023438,,,,,,,,,,,,,,
8,0,0,0,0,0,PAYLOAD IS !ARMED!,,,,,,,,,,,,,,,,,
2,0,0,0,0,10086,35.53,735.738,6.533,9740.676,,,,,,,,,,,,,,
8,0,0,0,0,0,PAYLOAD IS !ARMED!,,,,,,,,,,,,,,,,,
2,0,0,0,0,10087,35.52,736.262,6.575,9722.276,,,,,,,,,,,,,,
8,0,0,0,0,0,PAYLOAD IS !ARMED!,,,,,,,,,,,,,,,,,
5,0,0,0,0,10087,1297.838,,,,,,,,,,,,,,,,,
8,0,0,0,0,0,PAYLOAD IS !ARMED!,,,,,,,,,,,,,,,,,
2,0,0,0,0,10088,35.46,737.292,6.71,9685.99,,,,,,,,,,,,,,
8,0,0,0,0,0,PAYLOAD IS !ARMED!,,,,,,,,,,,,,,,,,
5,0,0,0,0,10088,1300.886,,,,,,,,,,,,,,,,,
8,0,0,0,0,0,PAYLOAD IS !ARMED!,,,,,,,,,,,,,,,,,
2,0,0,0,0,10089,35.39,738.449,6.896,9645.151,,,,,,,,,,,,,,
8,0,0,0,0,0,PAYLOAD IS !ARMED!,,,,,,,,,,,,,,,,,
5,0,0,0,0,10090,1252.118,,,,,,,,,,,,,,,,,
8,0,0,0,0,10090,19:3:35,32.9435310364,-106.8985443115,2928.8999023438,,,,,,,,,,,,,,
8,0,0,0,0,0,PAYLOAD IS !ARMED!,,,,,,,,,,,,,,,,,
2,0,0,0,0,10090,35.33,739.576,7.001,9605.249,,,,,,,,,,,,,,
8,0,0,0,0,0,PAYLOAD IS !ARMED!,,,,,,,,,,,,,,,,,
5,0,0,0,0,10091,1251.509,,,,,,,,,,,,,,,,,
8,0,0,0,0,0,PAYLOAD IS !ARMED!,,,,,,,,,,,,,,,,,
2,0,0,0,0,10091,35.31,740.651,6.969,9567.023,,,,,,,,,,,,,,
8,0,0,0,0,0,PAYLOAD IS !ARMED!,,,,,,,,,,,,,,,,,
2,0,0,0,0,10092,35.3,741.189,7,9547.872,,,,,,,,,,,,,,
8,0,0,0,0,0,PAYLOAD IS !ARMED!,,,,,,,,,,,,,,,,,
2,0,0,0,0,10093,35.29,741.028,6.979,9553.617,,,,,,,,,,,,,,
8,0,0,0,0,0,PAYLOAD IS !ARMED!,,,,,,,,,,,,,,,,,
2,0,0,0,0,10093,35.24,741.945,7.146,9520.891,,,,,,,,,,,,,,
8,0,0,0,0,0,PAYLOAD IS !ARMED!,,,,,,,,,,,,,,,,,
5,0,0,0,0,10094,1253.642,,,,,,,,,,,,,,,,,
8,0,0,0,0,0,PAYLOAD IS !ARMED!,,,,,,,,,,,,,,,,,
2,0,0,0,0,10094,35.21,743.026,7.219,9482.232,,,,,,,,,,,,,,
8,0,0,0,0,10095,19:3:35,32.9435310364,-106.8985443115,2928.8999023438,,,,,,,,,,,,,,
8,0,0,0,0,0,PAYLOAD IS !ARMED!,,,,,,,,,,,,,,,,,
2,0,0,0,0,10095,35.17,743.454,7.249,9466.893,,,,,,,,,,,,,,
8,0,0,0,0,0,PAYLOAD IS !ARMED!,,,,,,,,,,,,,,,,,
2,0,0,0,0,10096,35.14,743.987,7.29,9447.722,,,,,,,,,,,,,,
8,0,0,0,0,0,PAYLOAD IS !ARMED!,,,,,,,,,,,,,,,,,
2,0,0,0,0,10096,35.11,744.332,7.332,9435.345,,,,,,,,,,,,,,
8,0,0,0,0,0,PAYLOAD IS !ARMED!,,,,,,,,,,,,,,,,,
2,0,0,0,0,10097,35.13,744.79,7.343,9418.85,,,,,,,,,,,,,,
8,0,0,0,0,0,PAYLOAD IS !ARMED!,,,,,,,,,,,,,,,,,
2,0,0,0,0,10098,35.1,745.233,7.384,9402.889,,,,,,,,,,,,,,
8,0,0,0,0,0,PAYLOAD IS !ARMED!,,,,,,,,,,,,,,,,,
2,0,0,0,0,10098,35.1,745.233,7.384,9402.889,,,,,,,,,,,,,,
8,0,0,0,0,0,PAYLOAD IS !ARMED!,,,,,,,,,,,,,,,,,
2,0,0,0,0,10099,35.02,746.005,7.456,9375.018,,,,,,,,,,,,,,
8,0,0,0,0,0,PAYLOAD IS !ARMED!,,,,,,,,,,,,,,,,,
2,0,0,0,0,10099,35.01,746.55,7.497,9355.28,,,,,,,,,,,,,,
8,0,0,0,0,10099,19:3:35,32.9435310364,-106.8985443115,2928.8999023438,,,,,,,,,,,,,,
8,0,0,0,0,0,PAYLOAD IS !ARMED!,,,,,,,,,,,,,,,,,
2,0,0,0,0,10100,34.98,747.066,7.497,9336.574,,,,,,,,,,,,,,
8,0,0,0,0,0,PAYLOAD IS !ARMED!,,,,,,,,,,,,,,,,,
2,0,0,0,0,10101,34.97,747.671,7.507,9314.613,,,,,,,,,,,,,,
8,0,0,0,0,0,PAYLOAD IS !ARMED!,,,,,,,,,,,,,,,,,
2,0,0,0,0,10101,34.97,747.671,7.507,9314.613,,,,,,,,,,,,,,
8,0,0,0,0,0,PAYLOAD IS !ARMED!,,,,,,,,,,,,,,,,,
2,0,0,0,0,10102,34.98,748.388,7.518,9288.54,,,,,,,,,,,,,,
8,0,0,0,0,0,PAYLOAD IS !ARMED!,,,,,,,,,,,,,,,,,
2,0,0,0,0,10103,34.98,748.388,7.518,9288.54,,,,,,,,,,,,,,
8,0,0,0,0,0,PAYLOAD IS !ARMED!,,,,,,,,,,,,,,,,,
2,0,0,0,0,10103,34.92,749.11,7.568,9262.218,,,,,,,,,,,,,,
8,0,0,0,0,0,PAYLOAD IS !ARMED!,,,,,,,,,,,,,,,,,
2,0,0,0,0,10104,34.92,749.11,7.568,9262.218,,,,,,,,,,,,,,
8,0,0,0,0,0,PAYLOAD IS !ARMED!,,,,,,,,,,,,,,,,,
2,0,0,0,0,10104,34.87,750.005,7.641,9229.533,,,,,,,,,,,,,,
8,0,0,0,0,10104,19:3:35,32.9435310364,-106.8985443115,2928.8999023438,,,,,,,,,,,,,,
8,0,0,0,0,0,PAYLOAD IS !ARMED!,,,,,,,,,,,,,,,,,
2,0,0,0,0,10105,34.87,750.434,7.673,9213.831,,,,,,,,,,,,,,
8,0,0,0,0,0,PAYLOAD IS !ARMED!,,,,,,,,,,,,,,,,,
2,0,0,0,0,10106,34.86,750.859,7.693,9198.262,,,,,,,,,,,,,,
8,0,0,0,0,0,PAYLOAD IS !ARMED!,,,,,,,,,,,,,,,,,
2,0,0,0,0,10106,34.87,751.305,7.704,9181.888,,,,,,,,,,,,,,
8,0,0,0,0,0,PAYLOAD IS !ARMED!,,,,,,,,,,,,,,,,,
2,0,0,0,0,10107,34.83,751.636,7.734,9169.702,,,,,,,,,,,,,,
8,0,0,0,0,0,PAYLOAD IS !ARMED!,,,,,,,,,,,,,,,,,
2,0,0,0,0,10108,34.81,752.13,7.744,9151.526,,,,,,,,,,,,,,
8,0,0,0,0,0,PAYLOAD IS !ARMED!,,,,,,,,,,,,,,,,,
2,0,0,0,0,10108,34.85,752.644,7.766,9132.578,,,,,,,,,,,,,,
8,0,0,0,0,0,PAYLOAD IS !ARMED!,,,,,,,,,,,,,,,,,
2,0,0,0,0,10109,34.8,753.037,7.786,9118.083,,,,,,,,,,,,,,
8,0,0,0,0,0,PAYLOAD IS !ARMED!,,,,,,,,,,,,,,,,,
5,0,0,0,0,10109,1097.585,,,,,,,,,,,,,,,,,
8,0,0,0,0,10109,19:4:10,32.9451828003,-106.8976898193,2928.8999023438,,,,,,,,,,,,,,
8,0,0,0,0,0,PAYLOAD IS !ARMED!,,,,,,,,,,,,,,,,,
5,0,0,0,0,10110,1084.478,,,,,,,,,,,,,,,,,
8,0,0,0,0,0,PAYLOAD IS !ARMED!,,,,,,,,,,,,,,,,,
2,0,0,0,0,10111,34.76,753.872,7.816,9087.191,,,,,,,,,,,,,,
8,0,0,0,0,0,PAYLOAD IS !ARMED!,,,,,,,,,,,,,,,,,
5,0,0,0,0,10111,1081.735,,,,,,,,,,,,,,,,,
8,0,0,0,0,0,PAYLOAD IS !ARMED!,,,,,,,,,,,,,,,,,
5,0,0,0,0,10112,1094.232,,,,,,,,,,,,,,,,,
8,0,0,0,0,0,PAYLOAD IS !ARMED!,,,,,,,,,,,,,,,,,
2,0,0,0,0,10112,34.82,755.536,7.839,9025.442,,,,,,,,,,,,,,
8,0,0,0,0,0,PAYLOAD IS !ARMED!,,,,,,,,,,,,,,,,,
5,0,0,0,0,10113,1064.057,,,,,,,,,,,,,,,,,
8,0,0,0,0,0,PAYLOAD IS !ARMED!,,,,,,,,,,,,,,,,,
2,0,0,0,0,10114,34.75,755.952,7.869,9009.946,,,,,,,,,,,,,,
8,0,0,0,0,10114,19:4:10,32.9451828003,-106.8976898193,2928.8999023438,,,,,,,,,,,,,,
8,0,0,0,0,0,PAYLOAD IS !ARMED!,,,,,,,,,,,,,,,,,
5,0,0,0,0,10114,1059.79,,,,,,,,,,,,,,,,,
8,0,0,0,0,0,PAYLOAD IS !ARMED!,,,,,,,,,,,,,,,,,
2,0,0,0,0,10115,34.72,757.093,7.889,8967.358,,,,,,,,,,,,,,
8,0,0,0,0,0,PAYLOAD IS !ARMED!,,,,,,,,,,,,,,,,,
5,0,0,0,0,10115,1043.635,,,,,,,,,,,,,,,,,
8,0,0,0,0,0,PAYLOAD IS !ARMED!,,,,,,,,,,,,,,,,,
2,0,0,0,0,10116,34.71,757.971,7.92,8934.453,,,,,,,,,,,,,,
8,0,0,0,0,0,PAYLOAD IS !ARMED!,,,,,,,,,,,,,,,,,
2,0,0,0,0,10117,34.69,758.953,7.982,8897.568,,,,,,,,,,,,,,
8,0,0,0,0,0,PAYLOAD IS !ARMED!,,,,,,,,,,,,,,,,,
5,0,0,0,0,10117,1025.652,,,,,,,,,,,,,,,,,
8,0,0,0,0,0,PAYLOAD IS !ARMED!,,,,,,,,,,,,,,,,,
2,0,0,0,0,10118,34.68,759.837,8.014,8864.285,,,,,,,,,,,,,,
8,0,0,0,0,0,PAYLOAD IS !ARMED!,,,,,,,,,,,,,,,,,
5,0,0,0,0,10118,1069.543,,,,,,,,,,,,,,,,,
8,0,0,0,0,10118,19:4:10,32.9451828003,-106.8976898193,2928.8999023438,,,,,,,,,,,,,,
8,0,0,0,0,0,PAYLOAD IS !ARMED!,,,,,,,,,,,,,,,,,
2,0,0,0,0,10119,34.65,760.871,8.075,8825.213,,,,,,,,,,,,,,
8,0,0,0,0,0,PAYLOAD IS !ARMED!,,,,,,,,,,,,,,,,,
2,0,0,0,0,10120,34.64,761.27,8.106,8810.077,,,,,,,,,,,,,,
5,0,0,0,0,10120,1004.316,,,,,,,,,,,,,,,,,
8,0,0,0,0,0,PAYLOAD IS !ARMED!,,,,,,,,,,,,,,,,,
5,0,0,0,0,10121,998.83,,,,,,,,,,,,,,,,,
8,0,0,0,0,0,PAYLOAD IS !ARMED!,,,,,,,,,,,,,,,,,
5,0,0,0,0,10122,998.83,,,,,,,,,,,,,,,,,
8,0,0,0,0,0,PAYLOAD IS !ARMED!,,,,,,,,,,,,,,,,,
5,0,0,0,0,10122,1007.364,,,,,,,,,,,,,,,,,
8,0,0,0,0,0,PAYLOAD IS !ARMED!,,,,,,,,,,,,,,,,,
2,0,0,0,0,10123,34.61,763.508,8.148,8724.944,,,,,,,,,,,,,,
8,0,0,0,0,0,PAYLOAD IS !ARMED!,,,,,,,,,,,,,,,,,
8,0,0,0,0,10123,19:4:10,32.9451828003,-106.8976898193,2928.8999023438,,,,,,,,,,,,,,
8,0,0,0,0,0,PAYLOAD IS !ARMED!,,,,,,,,,,,,,,,,,
2,0,0,0,0,10124,34.6,764.352,8.21,8692.672,,,,,,,,,,,,,,
8,0,0,0,0,0,PAYLOAD IS !ARMED!,,,,,,,,,,,,,,,,,
5,0,0,0,0,10125,1024.433,,,,,,,,,,,,,,,,,
8,0,0,0,0,0,PAYLOAD IS !ARMED!,,,,,,,,,,,,,,,,,
2,0,0,0,0,10125,34.6,765.558,8.21,8646.414,,,,,,,,,,,,,,
8,0,0,0,0,0,PAYLOAD IS !ARMED!,,,,,,,,,,,,,,,,,
2,0,0,0,0,10126,34.6,765.995,8.221,8629.608,,,,,,,,,,,,,,
8,0,0,0,0,0,PAYLOAD IS !ARMED!,,,,,,,,,,,,,,,,,
2,0,0,0,0,10126,34.59,766.595,8.21,8606.496,,,,,,,,,,,,,,
8,0,0,0,0,0,PAYLOAD IS !ARMED!,,,,,,,,,,,,,,,,,
2,0,0,0,0,10127,34.59,767.131,8.21,8585.821,,,,,,,,,,,,,,
8,0,0,0,0,0,PAYLOAD IS !ARMED!,,,,,,,,,,,,,,,,,
2,0,0,0,0,10128,34.58,768.034,8.231,8550.851,,,,,,,,,,,,,,
8,0,0,0,0,10128,19:4:10,32.9451828003,-106.8976898193,2928.8999023438,,,,,,,,,,,,,,
8,0,0,0,0,0,PAYLOAD IS !ARMED!,,,,,,,,,,,,,,,,,
2,0,0,0,0,10128,34.57,768.78,8.252,8521.927,,,,,,,,,,,,,,
8,0,0,0,0,0,PAYLOAD IS !ARMED!,,,,,,,,,,,,,,,,,
2,0,0,0,0,10129,34.57,768.78,8.252,8521.927,,,,,,,,,,,,,,
8,0,0,0,0,0,PAYLOAD IS !ARMED!,,,,,,,,,,,,,,,,,
2,0,0,0,0,10129,34.56,769.99,8.293,8474.792,,,,,,,,,,,,,,
8,0,0,0,0,0,PAYLOAD IS !ARMED!,,,,,,,,,,,,,,,,,
5,0,0,0,0,10130,925.982,,,,,,,,,,,,,,,,,
8,0,0,0,0,0,PAYLOAD IS !ARMED!,,,,,,,,,,,,,,,,,
5,0,0,0,0,10131,910.133,,,,,,,,,,,,,,,,,
8,0,0,0,0,0,PAYLOAD IS !ARMED!,,,,,,,,,,,,,,,,,
5,0,0,0,0,10131,900.989,,,,,,,,,,,,,,,,,
8,0,0,0,0,0,PAYLOAD IS !ARMED!,,,,,,,,,,,,,,,,,
5,0,0,0,0,10132,900.989,,,,,,,,,,,,,,,,,
8,0,0,0,0,0,PAYLOAD IS !ARMED!,,,,,,,,,,,,,,,,,
8,0,0,0,0,10132,19:4:10,32.9451828003,-106.8976898193,2928.8999023438,,,,,,,,,,,,,,
8,0,0,0,0,0,PAYLOAD IS !ARMED!,,,,,,,,,,,,,,,,,
8,0,0,0,0,0,PAYLOAD IS !ARMED!,,,,,,,,,,,,,,,,,
5,0,0,0,0,10134,880.872,,,,,,,,,,,,,,,,,
8,0,0,0,0,0,PAYLOAD IS !ARMED!,,,,,,,,,,,,,,,,,
2,0,0,0,0,10134,34.56,774.296,8.388,8305.578,,,,,,,,,,,,,,
8,0,0,0,0,0,PAYLOAD IS !ARMED!,,,,,,,,,,,,,,,,,
5,0,0,0,0,10135,910.133,,,,,,,,,,,,,,,,,
8,0,0,0,0,0,PAYLOAD IS !ARMED!,,,,,,,,,,,,,,,,,
5,0,0,0,0,10135,910.133,,,,,,,,,,,,,,,,,
8,0,0,0,0,0,PAYLOAD IS !ARMED!,,,,,,,,,,,,,,,,,
2,0,0,0,0,10136,34.57,775.253,8.377,8267.615,,,,,,,,,,,,,,
8,0,0,0,0,0,PAYLOAD IS !ARMED!,,,,,,,,,,,,,,,,,
2,0,0,0,0,10137,34.56,776.34,8.408,8216.484,,,,,,,,,,,,,,
8,0,0,0,0,0,PAYLOAD IS !ARMED!,,,,,,,,,,,,,,,,,
5,0,0,0,0,10137,858.317,,,,,,,,,,,,,,,,,
8,0,0,0,0,0,PAYLOAD IS !ARMED!,,,,,,,,,,,,,,,,,
2,0,0,0,0,10138,34.55,777.204,8.408,8189.821,,,,,,,,,,,,,,
8,0,0,0,0,0,PAYLOAD IS !ARMED!,,,,,,,,,,,,,,,,,
5,0,0,0,0,10138,834.847,,,,,,,,,,,,,,,,,
8,0,0,0,0,0,PAYLOAD IS !ARMED!,,,,,,,,,,,,,,,,,
2,0,0,0,0,10139,34.57,779.014,8.419,8117.208,,,,,,,,,,,,,,
8,0,0,0,0,0,PAYLOAD IS !ARMED!,,,,,,,,,,,,,,,,,
5,0,0,0,0,10140,823.265,,,,,,,,,,,,,,,,,
8,0,0,0,0,0,PAYLOAD IS !ARMED!,,,,,,,,,,,,,,,,,
2,0,0,0,0,10140,34.58,780.025,8.439,8076.449,,,,,,,,,,,,,,
8,0,0,0,0,0,PAYLOAD IS !ARMED!,,,,,,,,,,,,,,,,,
5,0,0,0,0,10141,849.782,,,,,,,,,,,,,,,,,
8,0,0,0,0,0,PAYLOAD IS !ARMED!,,,,,,,,,,,,,,,,,
2,0,0,0,0,10141,34.59,781.104,8.43,8032.736,,,,,,,,,,,,,,
8,0,0,0,0,10141,19:4:10,32.9451828003,-106.8976898193,2928.8999023438,,,,,,,,,,,,,,
8,0,0,0,0,0,PAYLOAD IS !ARMED!,,,,,,,,,,,,,,,,,
5,0,0,0,0,10142,801.624,,,,,,,,,,,,,,,,,
8,0,0,0,0,0,PAYLOAD IS !ARMED!,,,,,,,,,,,,,,,,,
5,0,0,0,0,10143,806.806,,,,,,,,,,,,,,,,,
8,0,0,0,0,0,PAYLOAD IS !ARMED!,,,,,,,,,,,,,,,,,
2,0,0,0,0,10143,34.6,782.428,8.408,7978.898,,,,,,,,,,,,,,
8,0,0,0,0,0,PAYLOAD IS !ARMED!,,,,,,,,,,,,,,,,,
5,0,0,0,0,10144,785.774,,,,,,,,,,,,,,,,,
8,0,0,0,0,0,PAYLOAD IS !ARMED!,,,,,,,,,,,,,,,,,
5,0,0,0,0,10144,778.764,,,,,,,,,,,,,,,,,
8,0,0,0,0,0,PAYLOAD IS !ARMED!,,,,,,,,,,,,,,,,,
2,0,0,0,0,10145,34.58,784.021,8.492,7913.784,,,,,,,,,,,,,,
8,0,0,0,0,0,PAYLOAD IS !ARMED!,,,,,,,,,,,,,,,,,
2,0,0,0,0,10146,34.6,785.056,8.534,7871.29,,,,,,,,,,,,,,
8,0,0,0,0,0,PAYLOAD IS !ARMED!,,,,,,,,,,,,,,,,,
2,0,0,0,0,10146,34.6,785.722,8.565,7843.85,,,,,,,,,,,,,,
8,0,0,0,0,0,PAYLOAD IS !ARMED!,,,,,,,,,,,,,,,,,
2,0,0,0,0,10147,34.6,785.722,8.565,7843.85,,,,,,,,,,,,,,
8,0,0,0,0,10147,19:4:10,32.9451828003,-106.8976898193,2928.8999023438,,,,,,,,,,,,,,
8,0,0,0,0,0,PAYLOAD IS !ARMED!,,,,,,,,,,,,,,,,,
2,0,0,0,0,10148,34.62,787.006,8.545,7790.748,,,,,,,,,,,,,,
2,0,0,0,0,10148,34.62,787.006,8.545,7790.748,,,,,,,,,,,,,,
8,0,0,0,0,0,PAYLOAD IS !ARMED!,,,,,,,,,,,,,,,,,
2,0,0,0,0,10149,34.65,788.262,8.534,7738.563,,,,,,,,,,,,,,
8,0,0,0,0,0,PAYLOAD IS !ARMED!,,,,,,,,,,,,,,,,,
2,0,0,0,0,10149,34.61,788.745,8.534,7718.417,,,,,,,,,,,,,,
8,0,0,0,0,0,PAYLOAD IS !ARMED!,,,,,,,,,,,,,,,,,
2,0,0,0,0,10150,34.61,788.745,8.555,7712.211,,,,,,,,,,,,,,
8,0,0,0,0,0,PAYLOAD IS !ARMED!,,,,,,,,,,,,,,,,,
2,0,0,0,0,10151,34.69,790.034,8.494,7664.516,,,,,,,,,,,,,,
8,0,0,0,0,0,PAYLOAD IS !ARMED!,,,,,,,,,,,,,,,,,
2,0,0,0,0,10151,34.69,790.034,8.494,7664.516,,,,,,,,,,,,,,
8,0,0,0,0,10151,19:4:10,32.9451828003,-106.8976898193,2928.8999023438,,,,,,,,,,,,,,
8,0,0,0,0,0,PAYLOAD IS !ARMED!,,,,,,,,,,,,,,,,,
2,0,0,0,0,10152,34.66,791.271,8.587,7612.51,,,,,,,,,,,,,,
8,0,0,0,0,0,PAYLOAD IS !ARMED!,,,,,,,,,,,,,,,,,
5,0,0,0,0,10153,719.633,,,,,,,,,,,,,,,,,
8,0,0,0,0,0,PAYLOAD IS !ARMED!,,,,,,,,,,,,,,,,,
5,0,0,0,0,10153,738.53,,,,,,,,,,,,,,,,,
8,0,0,0,0,0,PAYLOAD IS !ARMED!,,,,,,,,,,,,,,,,,
2,0,0,0,0,10154,34.63,792.583,8.618,7557.072,,,,,,,,,,,,,,
8,0,0,0,0,0,PAYLOAD IS !ARMED!,,,,,,,,,,,,,,,,,
5,0,0,0,0,10154,722.376,,,,,,,,,,,,,,,,,
8,0,0,0,0,0,PAYLOAD IS !ARMED!,,,,,,,,,,,,,,,,,
5,0,0,0,0,10155,674.827,,,,,,,,,,,,,,,,,
8,0,0,0,0,0,PAYLOAD IS !ARMED!,,,,,,,,,,,,,,,,,
2,0,0,0,0,10155,34.64,794.451,8.67,7477.713,,,,,,,,,,,,,,
8,0,0,0,0,0,PAYLOAD IS !ARMED!,,,,,,,,,,,,,,,,,
5,0,0,0,0,10156,662.635,,,,,,,,,,,,,,,,,
8,0,0,0,0,10156,19:4:10,32.9451828003,-106.8976898193,2928.8999023438,,,,,,,,,,,,,,
8,0,0,0,0,0,PAYLOAD IS !ARMED!,,,,,,,,,,,,,,,,,
2,0,0,0,0,10157,34.63,795.612,8.691,7428.078,,,,,,,,,,,,,,
8,0,0,0,0,0,PAYLOAD IS !ARMED!,,,,,,,,,,,,,,,,,
5,0,0,0,0,10157,651.662,,,,,,,,,,,,,,,,,
8,0,0,0,0,0,PAYLOAD IS !ARMED!,,,,,,,,,,,,,,,,,
2,0,0,0,0,10158,34.65,797.017,8.712,7367.71,,,,,,,,,,,,,,
8,0,0,0,0,0,PAYLOAD IS !ARMED!,,,,,,,,,,,,,,,,,
2,0,0,0,0,10159,34.65,798.354,8.733,7309.949,,,,,,,,,,,,,,
8,0,0,0,0,0,PAYLOAD IS !ARMED!,,,,,,,,,,,,,,,,,
2,0,0,0,0,10159,34.65,798.354,8.733,7309.949,,,,,,,,,,,,,,
8,0,0,0,0,0,PAYLOAD IS !ARMED!,,,,,,,,,,,,,,,,,
5,0,0,0,0,10160,684.886,,,,,,,,,,,,,,,,,
8,0,0,0,0,0,PAYLOAD IS !ARMED!,,,,,,,,,,,,,,,,,
2,0,0,0,0,10160,34.67,800.126,8.733,7232.902,,,,,,,,,,,,,,
8,0,0,0,0,0,PAYLOAD IS !ARMED!,,,,,,,,,,,,,,,,,
2,0,0,0,0,10161,34.66,800.85,8.723,7201.271,,,,,,,,,,,,,,
8,0,0,0,0,10161,19:4:10,32.9451828003,-106.8976898193,2928.8999023438,,,,,,,,,,,,,,
8,0,0,0,0,0,PAYLOAD IS !ARMED!,,,,,,,,,,,,,,,,,
2,0,0,0,0,10162,34.66,800.85,8.723,7201.271,,,,,,,,,,,,,,
8,0,0,0,0,0,PAYLOAD IS !ARMED!,,,,,,,,,,,,,,,,,
2,0,0,0,0,10162,34.67,801.707,8.754,7163.735,,,,,,,,,,,,,,
8,0,0,0,0,0,PAYLOAD IS !ARMED!,,,,,,,,,,,,,,,,,
2,0,0,0,0,10163,34.68,803.067,8.765,7103.845,,,,,,,,,,,,,,
8,0,0,0,0,0,PAYLOAD IS !ARMED!,,,,,,,,,,,,,,,,,
2,0,0,0,0,10163,34.68,803.067,8.765,7103.845,,,,,,,,,,,,,,
8,0,0,0,0,0,PAYLOAD IS !ARMED!,,,,,,,,,,,,,,,,,
2,0,0,0,0,10164,34.69,804.304,8.817,7049.064,,,,,,,,,,,,,,
8,0,0,0,0,0,PAYLOAD IS !ARMED!,,,,,,,,,,,,,,,,,
2,0,0,0,0,10165,34.7,805.097,8.797,7013.831,,,,,,,,,,,,,,
8,0,0,0,0,0,PAYLOAD IS !ARMED!,,,,,,,,,,,,,,,,,
2,0,0,0,0,10165,34.7,805.729,8.828,6985.662,,,,,,,,,,,,,,
8,0,0,0,0,0,PAYLOAD IS !ARMED!,,,,,,,,,,,,,,,,,
5,0,0,0,0,10166,613.562,,,,,,,,,,,,,,,,,
8,0,0,0,0,10166,19:4:10,32.9451828003,-106.8976898193,2928.8999023438,,,,,,,,,,,,,,
8,0,0,0,0,0,PAYLOAD IS !ARMED!,,,,,,,,,,,,,,,,,
2,0,0,0,0,10167,34.7,807.362,8.817,6912.465,,,,,,,,,,,,,,
8,0,0,0,0,0,PAYLOAD IS !ARMED!,,,,,,,,,,,,,,,,,
2,0,0,0,0,10167,34.7,807.962,8.807,6885.491,,,,,,,,,,,,,,
8,0,0,0,0,0,PAYLOAD IS !ARMED!,,,,,,,,,,,,,,,,,
5,0,0,0,0,10168,533.705,,,,,,,,,,,,,,,,,
8,0,0,0,0,0,PAYLOAD IS !ARMED!,,,,,,,,,,,,,,,,,
2,0,0,0,0,10168,34.72,809.562,8.87,6813.112,,,,,,,,,,,,,,
8,0,0,0,0,0,PAYLOAD IS !ARMED!,,,,,,,,,,,,,,,,,
5,0,0,0,0,10169,545.592,,,,,,,,,,,,,,,,,
8,0,0,0,0,0,PAYLOAD IS !ARMED!,,,,,,,,,,,,,,,,,
5,0,0,0,0,10170,545.592,,,,,,,,,,,,,,,,,
8,0,0,0,0,0,PAYLOAD IS !ARMED!,,,,,,,,,,,,,,,,,
5,0,0,0,0,10170,493.166,,,,,,,,,,,,,,,,,
8,0,0,0,0,0,PAYLOAD IS !ARMED!,,,,,,,,,,,,,,,,,
5,0,0,0,0,10171,493.166,,,,,,,,,,,,,,,,,
8,0,0,0,0,10171,19:4:10,32.9451828003,-106.8976898193,2928.8999023438,,,,,,,,,,,,,,
8,0,0,0,0,0,PAYLOAD IS !ARMED!,,,,,,,,,,,,,,,,,
5,0,0,0,0,10171,476.707,,,,,,,,,,,,,,,,,
8,0,0,0,0,0,PAYLOAD IS !ARMED!,,,,,,,,,,,,,,,,,
5,0,0,0,0,10172,476.707,,,,,,,,,,,,,,,,,
8,0,0,0,0,0,PAYLOAD IS !ARMED!,,,,,,,,,,,,,,,,,
5,0,0,0,0,10173,470.002,,,,,,,,,,,,,,,,,
8,0,0,0,0,0,PAYLOAD IS !ARMED!,,,,,,,,,,,,,,,,,
2,0,0,0,0,10173,34.78,814.293,8.798,6596.24,,,,,,,,,,,,,,
8,0,0,0,0,0,PAYLOAD IS !ARMED!,,,,,,,,,,,,,,,,,
5,0,0,0,0,10174,462.382,,,,,,,,,,,,,,,,,
8,0,0,0,0,0,PAYLOAD IS !ARMED!,,,,,,,,,,,,,,,,,
2,0,0,0,0,10174,34.8,816.374,8.705,6499.385,,,,,,,,,,,,,,
8,0,0,0,0,0,PAYLOAD IS !ARMED!,,,,,,,,,,,,,,,,,
5,0,0,0,0,10175,460.858,,,,,,,,,,,,,,,,,
8,0,0,0,0,0,PAYLOAD IS !ARMED!,,,,,,,,,,,,,,,,,
5,0,0,0,0,10176,460.858,,,,,,,,,,,,,,,,,
8,0,0,0,0,10176,19:4:10,32.9451828003,-106.8976898193,2928.8999023438,,,,,,,,,,,,,,
8,0,0,0,0,0,PAYLOAD IS !ARMED!,,,,,,,,,,,,,,,,,
5,0,0,0,0,10176,423.367,,,,,,,,,,,,,,,,,
8,0,0,0,0,0,PAYLOAD IS !ARMED!,,,,,,,,,,,,,,,,,
5,0,0,0,0,10177,423.367,,,,,,,,,,,,,,,,,
8,0,0,0,0,0,PAYLOAD IS !ARMED!,,,,,,,,,,,,,,,,,
5,0,0,0,0,10177,424.891,,,,,,,,,,,,,,,,,
8,0,0,0,0,0,PAYLOAD IS !ARMED!,,,,,,,,,,,,,,,,,
2,0,0,0,0,10178,34.86,820.39,8.789,6309.908,,,,,,,,,,,,,,
8,0,0,0,0,0,PAYLOAD IS !ARMED!,,,,,,,,,,,,,,,,,
5,0,0,0,0,10179,471.526,,,,,,,,,,,,,,,,,
8,0,0,0,0,0,PAYLOAD IS !ARMED!,,,,,,,,,,,,,,,,,
5,0,0,0,0,10179,398.983,,,,,,,,,,,,,,,,,
8,0,0,0,0,0,PAYLOAD IS !ARMED!,,,,,,,,,,,,,,,,,
5,0,0,0,0,10180,389.534,,,,,,,,,,,,,,,,,
8,0,0,0,0,10180,19:4:10,32.9451828003,-106.8976898193,2928.8999023438,,,,,,,,,,,,,,
8,0,0,0,0,0,PAYLOAD IS !ARMED!,,,,,,,,,,,,,,,,,
5,0,0,0,0,10180,397.459,,,,,,,,,,,,,,,,,
8,0,0,0,0,0,PAYLOAD IS !ARMED!,,,,,,,,,,,,,,,,,
5,0,0,0,0,10181,397.459,,,,,,,,,,,,,,,,,
8,0,0,0,0,0,PAYLOAD IS !ARMED!,,,,,,,,,,,,,,,,,
2,0,0,0,0,10182,34.91,823.861,8.937,6143.179,,,,,,,,,,,,,,
8,0,0,0,0,0,PAYLOAD IS !ARMED!,,,,,,,,,,,,,,,,,
2,0,0,0,0,10182,34.93,825.293,8.905,6073.823,,,,,,,,,,,,,,
8,0,0,0,0,0,PAYLOAD IS !ARMED!,,,,,,,,,,,,,,,,,
5,0,0,0,0,10183,351.739,,,,,,,,,,,,,,,,,
8,0,0,0,0,0,PAYLOAD IS !ARMED!,,,,,,,,,,,,,,,,,
5,0,0,0,0,10183,391.668,,,,,,,,,,,,,,,,,
8,0,0,0,0,0,PAYLOAD IS !ARMED!,,,,,,,,,,,,,,,,,
5,0,0,0,0,10184,391.668,,,,,,,,,,,,,,,,,
8,0,0,0,0,0,PAYLOAD IS !ARMED!,,,,,,,,,,,,,,,,,
5,0,0,0,0,10185,337.718,,,,,,,,,,,,,,,,,
8,0,0,0,0,10185,19:4:10,32.9451828003,-106.8976898193,2928.8999023438,,,,,,,,,,,,,,
8,0,0,0,0,0,PAYLOAD IS !ARMED!,,,,,,,,,,,,,,,,,
2,0,0,0,0,10185,34.97,827.911,8.948,5945.487,,,,,,,,,,,,,,
8,0,0,0,0,0,PAYLOAD IS !ARMED!,,,,,,,,,,,,,,,,,
5,0,0,0,0,10186,329.794,,,,,,,,,,,,,,,,,
8,0,0,0,0,0,PAYLOAD IS !ARMED!,,,,,,,,,,,,,,,,,
2,0,0,0,0,10186,35.01,829.805,8.854,5851.633,,,,,,,,,,,,,,
8,0,0,0,0,0,PAYLOAD IS !ARMED!,,,,,,,,,,,,,,,,,
2,0,0,0,0,10187,35.01,829.805,8.854,5851.633,,,,,,,,,,,,,,
8,0,0,0,0,0,PAYLOAD IS !ARMED!,,,,,,,,,,,,,,,,,
2,0,0,0,0,10188,35.01,830.438,8.792,5817.921,,,,,,,,,,,,,,
8,0,0,0,0,0,PAYLOAD IS !ARMED!,,,,,,,,,,,,,,,,,
5,0,0,0,0,10188,359.054,,,,,,,,,,,,,,,,,
8,0,0,0,0,0,PAYLOAD IS !ARMED!,,,,,,,,,,,,,,,,,
5,0,0,0,0,10189,309.982,,,,,,,,,,,,,,,,,
8,0,0,0,0,10189,19:4:10,32.9451828003,-106.8976898193,2928.8999023438,,,,,,,,,,,,,,
8,0,0,0,0,0,PAYLOAD IS !ARMED!,,,,,,,,,,,,,,,,,
5,0,0,0,0,10190,320.04,,,,,,,,,,,,,,,,,
8,0,0,0,0,0,PAYLOAD IS !ARMED!,,,,,,,,,,,,,,,,,
5,0,0,0,0,10190,277.063,,,,,,,,,,,,,,,,,
8,0,0,0,0,0,PAYLOAD IS !ARMED!,,,,,,,,,,,,,,,,,
2,0,0,0,0,10191,35.01,833.85,8.792,5648.24,,,,,,,,,,,,,,
8,0,0,0,0,0,PAYLOAD IS !ARMED!,,,,,,,,,,,,,,,,,
5,0,0,0,0,10191,267.614,,,,,,,,,,,,,,,,,
8,0,0,0,0,0,PAYLOAD IS !ARMED!,,,,,,,,,,,,,,,,,
5,0,0,0,0,10192,293.522,,,,,,,,,,,,,,,,,
8,0,0,0,0,0,PAYLOAD IS !ARMED!,,,,,,,,,,,,,,,,,
2,0,0,0,0,10192,35.11,835.48,8.763,5565.124,,,,,,,,,,,,,,
8,0,0,0,0,0,PAYLOAD IS !ARMED!,,,,,,,,,,,,,,,,,
5,0,0,0,0,10193,247.802,,,,,,,,,,,,,,,,,
8,0,0,0,0,0,PAYLOAD IS !ARMED!,,,,,,,,,,,,,,,,,
2,0,0,0,0,10194,35.14,836.571,8.753,5509.112,,,,,,,,,,,,,,
8,0,0,0,0,10194,19:4:10,32.9451828003,-106.8976898193,2928.8999023438,,,,,,,,,,,,,,
8,0,0,0,0,0,PAYLOAD IS !ARMED!,,,,,,,,,,,,,,,,,
5,0,0,0,0,10194,257.556,,,,,,,,,,,,,,,,,
8,0,0,0,0,0,PAYLOAD IS !ARMED!,,,,,,,,,,,,,,,,,
2,0,0,0,0,10195,35.18,838.523,8.723,5408.108,,,,,,,,,,,,,,
8,0,0,0,0,0,PAYLOAD IS !ARMED!,,,,,,,,,,,,,,,,,
5,0,0,0,0,10196,231.953,,,,,,,,,,,,,,,,,
8,0,0,0,0,0,PAYLOAD IS !ARMED!,,,,,,,,,,,,,,,,,
5,0,0,0,0,10196,259.69,,,,,,,,,,,,,,,,,
8,0,0,0,0,0,PAYLOAD IS !ARMED!,,,,,,,,,,,,,,,,,
2,0,0,0,0,10197,35.21,839.698,8.744,5346.791,,,,,,,,,,,,,,
8,0,0,0,0,0,PAYLOAD IS !ARMED!,,,,,,,,,,,,,,,,,
5,0,0,0,0,10197,252.984,,,,,,,,,,,,,,,,,
8,0,0,0,0,0,PAYLOAD IS !ARMED!,,,,,,,,,,,,,,,,,
2,0,0,0,0,10198,35.24,840.899,8.734,5283.784,,,,,,,,,,,,,,
8,0,0,0,0,0,PAYLOAD IS !ARMED!,,,,,,,,,,,,,,,,,
5,0,0,0,0,10199,221.59,,,,,,,,,,,,,,,,,
8,0,0,0,0,0,PAYLOAD IS !ARMED!,,,,,,,,,,,,,,,,,
2,0,0,0,0,10199,35.28,842.233,8.724,5213.253,,,,,,,,,,,,,,
8,0,0,0,0,0,PAYLOAD IS !ARMED!,,,,,,,,,,,,,,,,,
2,0,0,0,0,10200,35.31,843.364,8.683,5153.14,,,,,,,,,,,,,,
8,0,0,0,0,0,PAYLOAD IS !ARMED!,,,,,,,,,,,,,,,,,
5,0,0,0,0,10200,179.222,,,,,,,,,,,,,,,,,
8,0,0,0,0,0,PAYLOAD IS !ARMED!,,,,,,,,,,,,,,,,,
2,0,0,0,0,10201,35.32,844.099,8.735,5117.668,,,,,,,,,,,,,,
8,0,0,0,0,0,PAYLOAD IS !ARMED!,,,,,,,,,,,,,,,,,
2,0,0,0,0,10202,35.36,845.299,8.663,5049.344,,,,,,,,,,,,,,
8,0,0,0,0,0,PAYLOAD IS !ARMED!,,,,,,,,,,,,,,,,,
2,0,0,0,0,10202,35.36,845.299,8.663,5049.344,,,,,,,,,,,,,,
8,0,0,0,0,10202,19:4:10,32.9451828003,-106.8976898193,2928.8999023438,,,,,,,,,,,,,,
8,0,0,0,0,0,PAYLOAD IS !ARMED!,,,,,,,,,,,,,,,,,
2,0,0,0,0,10203,35.4,846.426,8.653,4988.439,,,,,,,,,,,,,,
8,0,0,0,0,0,PAYLOAD IS !ARMED!,,,,,,,,,,,,,,,,,
5,0,0,0,0,10203,214.274,,,,,,,,,,,,,,,,,
8,0,0,0,0,0,PAYLOAD IS !ARMED!,,,,,,,,,,,,,,,,,
2,0,0,0,0,10204,35.44,847.786,8.644,4914.402,,,,,,,,,,,,,,
8,0,0,0,0,0,PAYLOAD IS !ARMED!,,,,,,,,,,,,,,,,,
2,0,0,0,0,10205,35.47,848.46,8.645,4877.466,,,,,,,,,,,,,,
8,0,0,0,0,0,PAYLOAD IS !ARMED!,,,,,,,,,,,,,,,,,
2,0,0,0,0,10205,35.49,849.093,8.624,4842.716,,,,,,,,,,,,,,
8,0,0,0,0,0,PAYLOAD IS !ARMED!,,,,,,,,,,,,,,,,,
2,0,0,0,0,10206,35.5,849.616,8.624,4813.878,,,,,,,,,,,,,,
8,0,0,0,0,0,PAYLOAD IS !ARMED!,,,,,,,,,,,,,,,,,
5,0,0,0,0,10206,120.091,,,,,,,,,,,,,,,,,
8,0,0,0,0,0,PAYLOAD IS !ARMED!,,,,,,,,,,,,,,,,,
8,0,0,0,0,10207,19:4:10,32.9451828003,-106.8976898193,2928.8999023438,,,,,,,,,,,,,,
8,0,0,0,0,0,PAYLOAD IS !ARMED!,,,,,,,,,,,,,,,,,
2,0,0,0,0,10208,35.53,850.938,8.624,4740.635,,,,,,,,,,,,,,
8,0,0,0,0,0,PAYLOAD IS !ARMED!,,,,,,,,,,,,,,,,,
5,0,0,0,0,10208,102.108,,,,,,,,,,,,,,,,,